sizes2	['IIndex', 'modified_hubert_t', 'Banfeld_Raferty']	0.47195491076088103	['IIndex', 'modified_hubert_t', 'Davies_Bouldin']	0.47195491076088103	['IIndex', 'modified_hubert_t', 'Dunns_index']	0.47195491076088103	['IIndex', 'modified_hubert_t', 'McClain_Rao']	0.47195491076088103	['IIndex', 'modified_hubert_t', 'PBM_index']	0.47195491076088103	['IIndex', 'modified_hubert_t', 'Ratkowsky_Lance']	0.47195491076088103	['IIndex', 'modified_hubert_t', 'Ray_Turi']	0.47195491076088103	['IIndex', 'modified_hubert_t', 'Scott_Symons']	0.47195491076088103	['IIndex', 'modified_hubert_t', 'Xie_Beni']	0.47195491076088103	['IIndex', 'modified_hubert_t', 'c_index']	0.47195491076088103	['IIndex', 'modified_hubert_t', 'i_index']	0.47195491076088103	['IIndex', 'modified_hubert_t', 'point_biserial']	0.47195491076088103	['IIndex', 'modified_hubert_t', 's_dbw']	0.47195491076088103	['IIndex', 'modified_hubert_t', 'silhouette']	0.47195491076088103	['IIndex', 'modified_hubert_t', 'SDBW']	0.47195491076088103	['IIndex', 'modified_hubert_t', 'calinski_harabasz_score']	0.47195491076088103
square1	['Ratkowsky_Lance', 'PBM_index', 'Banfeld_Raferty']	0.45137250808892615	['Ratkowsky_Lance', 'PBM_index', 'Davies_Bouldin']	0.45137250808892615	['Ratkowsky_Lance', 'PBM_index', 'Dunns_index']	0.45137250808892615	['Ratkowsky_Lance', 'PBM_index', 'McClain_Rao']	0.45137250808892615	['Ratkowsky_Lance', 'PBM_index', 'Ray_Turi']	0.45137250808892615	['Ratkowsky_Lance', 'PBM_index', 'Scott_Symons']	0.45137250808892615	['Ratkowsky_Lance', 'PBM_index', 'Xie_Beni']	0.45137250808892615	['Ratkowsky_Lance', 'PBM_index', 'c_index']	0.45137250808892615	['Ratkowsky_Lance', 'PBM_index', 'i_index']	0.45137250808892615	['Ratkowsky_Lance', 'PBM_index', 'modified_hubert_t']	0.45137250808892615	['Ratkowsky_Lance', 'PBM_index', 'point_biserial']	0.45137250808892615	['Ratkowsky_Lance', 'PBM_index', 's_dbw']	0.45137250808892615	['Ratkowsky_Lance', 'PBM_index', 'silhouette']	0.45137250808892615	['Ratkowsky_Lance', 'PBM_index', 'IIndex']	0.45137250808892615	['Ratkowsky_Lance', 'PBM_index', 'SDBW']	0.45137250808892615	['Ratkowsky_Lance', 'PBM_index', 'calinski_harabasz_score']	0.45137250808892615
jain	['silhouette', 'i_index', 'Banfeld_Raferty']	0.39860139860139865	['silhouette', 'i_index', 'Davies_Bouldin']	0.39860139860139865	['silhouette', 'i_index', 'Dunns_index']	0.39860139860139865	['silhouette', 'i_index', 'McClain_Rao']	0.39860139860139865	['silhouette', 'i_index', 'PBM_index']	0.39860139860139865	['silhouette', 'i_index', 'Ratkowsky_Lance']	0.39860139860139865	['silhouette', 'i_index', 'Ray_Turi']	0.39860139860139865	['silhouette', 'i_index', 'Scott_Symons']	0.39860139860139865	['silhouette', 'i_index', 'Xie_Beni']	0.39860139860139865	['silhouette', 'i_index', 'c_index']	0.39860139860139865	['silhouette', 'i_index', 'modified_hubert_t']	0.39860139860139865	['silhouette', 'i_index', 'point_biserial']	0.39860139860139865	['silhouette', 'i_index', 's_dbw']	0.39860139860139865	['silhouette', 'i_index', 'IIndex']	0.39860139860139865	['silhouette', 'i_index', 'SDBW']	0.39860139860139865	['silhouette', 'i_index', 'calinski_harabasz_score']	0.39860139860139865
sizes3	['c_index', 'PBM_index', 'Banfeld_Raferty']	0.5066485753052918	['c_index', 'PBM_index', 'Davies_Bouldin']	0.5066485753052918	['c_index', 'PBM_index', 'Dunns_index']	0.5066485753052918	['c_index', 'PBM_index', 'McClain_Rao']	0.5066485753052918	['c_index', 'PBM_index', 'Ratkowsky_Lance']	0.5066485753052918	['c_index', 'PBM_index', 'Ray_Turi']	0.5066485753052918	['c_index', 'PBM_index', 'Scott_Symons']	0.5066485753052918	['c_index', 'PBM_index', 'Xie_Beni']	0.5066485753052918	['c_index', 'PBM_index', 'i_index']	0.5066485753052918	['c_index', 'PBM_index', 'modified_hubert_t']	0.5066485753052918	['c_index', 'PBM_index', 'point_biserial']	0.5066485753052918	['c_index', 'PBM_index', 's_dbw']	0.5066485753052918	['c_index', 'PBM_index', 'silhouette']	0.5066485753052918	['c_index', 'PBM_index', 'IIndex']	0.5066485753052918	['c_index', 'PBM_index', 'SDBW']	0.5066485753052918	['c_index', 'PBM_index', 'calinski_harabasz_score']	0.5066485753052918
heart-statlog	['SDBW', 'modified_hubert_t', 'Banfeld_Raferty']	0.9389625300073062	['SDBW', 'modified_hubert_t', 'Davies_Bouldin']	0.9389625300073062	['SDBW', 'modified_hubert_t', 'Dunns_index']	0.9389625300073062	['SDBW', 'modified_hubert_t', 'McClain_Rao']	0.9389625300073062	['SDBW', 'modified_hubert_t', 'PBM_index']	0.9389625300073062	['SDBW', 'modified_hubert_t', 'Ratkowsky_Lance']	0.9389625300073062	['SDBW', 'modified_hubert_t', 'Ray_Turi']	0.9389625300073062	['SDBW', 'modified_hubert_t', 'Scott_Symons']	0.9389625300073062	['SDBW', 'modified_hubert_t', 'Xie_Beni']	0.9389625300073062	['SDBW', 'modified_hubert_t', 'c_index']	0.9389625300073062	['SDBW', 'modified_hubert_t', 'i_index']	0.9389625300073062	['SDBW', 'modified_hubert_t', 'point_biserial']	0.9389625300073062	['SDBW', 'modified_hubert_t', 's_dbw']	0.9389625300073062	['SDBW', 'modified_hubert_t', 'silhouette']	0.9389625300073062	['SDBW', 'modified_hubert_t', 'IIndex']	0.9389625300073062	['SDBW', 'modified_hubert_t', 'calinski_harabasz_score']	0.9389625300073062
target	['Ray_Turi', 'Davies_Bouldin', 'Banfeld_Raferty']	0.4959190063667676	['Ray_Turi', 'Davies_Bouldin', 'Dunns_index']	0.4959190063667676	['Ray_Turi', 'Davies_Bouldin', 'McClain_Rao']	0.4959190063667676	['Ray_Turi', 'Davies_Bouldin', 'PBM_index']	0.4959190063667676	['Ray_Turi', 'Davies_Bouldin', 'Ratkowsky_Lance']	0.4959190063667676	['Ray_Turi', 'Davies_Bouldin', 'Scott_Symons']	0.4959190063667676	['Ray_Turi', 'Davies_Bouldin', 'Xie_Beni']	0.4959190063667676	['Ray_Turi', 'Davies_Bouldin', 'c_index']	0.4959190063667676	['Ray_Turi', 'Davies_Bouldin', 'i_index']	0.4959190063667676	['Ray_Turi', 'Davies_Bouldin', 'modified_hubert_t']	0.4959190063667676	['Ray_Turi', 'Davies_Bouldin', 'point_biserial']	0.4959190063667676	['Ray_Turi', 'Davies_Bouldin', 's_dbw']	0.4959190063667676	['Ray_Turi', 'Davies_Bouldin', 'silhouette']	0.4959190063667676	['Ray_Turi', 'Davies_Bouldin', 'IIndex']	0.4959190063667676	['Ray_Turi', 'Davies_Bouldin', 'SDBW']	0.4959190063667676	['Ray_Turi', 'Davies_Bouldin', 'calinski_harabasz_score']	0.4959190063667676
sizes4	['silhouette', 'Ray_Turi', 'Banfeld_Raferty']	0.38211042688654634	['silhouette', 'Ray_Turi', 'Davies_Bouldin']	0.38211042688654634	['silhouette', 'Ray_Turi', 'Dunns_index']	0.38211042688654634	['silhouette', 'Ray_Turi', 'McClain_Rao']	0.38211042688654634	['silhouette', 'Ray_Turi', 'PBM_index']	0.38211042688654634	['silhouette', 'Ray_Turi', 'Ratkowsky_Lance']	0.38211042688654634	['silhouette', 'Ray_Turi', 'Scott_Symons']	0.38211042688654634	['silhouette', 'Ray_Turi', 'Xie_Beni']	0.38211042688654634	['silhouette', 'Ray_Turi', 'c_index']	0.38211042688654634	['silhouette', 'Ray_Turi', 'i_index']	0.38211042688654634	['silhouette', 'Ray_Turi', 'modified_hubert_t']	0.38211042688654634	['silhouette', 'Ray_Turi', 'point_biserial']	0.38211042688654634	['silhouette', 'Ray_Turi', 's_dbw']	0.38211042688654634	['silhouette', 'Ray_Turi', 'IIndex']	0.38211042688654634	['silhouette', 'Ray_Turi', 'SDBW']	0.38211042688654634	['silhouette', 'Ray_Turi', 'calinski_harabasz_score']	0.38211042688654634	['silhouette', 'Xie_Beni', 'Banfeld_Raferty']	0.38211042688654634	['silhouette', 'Xie_Beni', 'Davies_Bouldin']	0.38211042688654634	['silhouette', 'Xie_Beni', 'Dunns_index']	0.38211042688654634	['silhouette', 'Xie_Beni', 'McClain_Rao']	0.38211042688654634	['silhouette', 'Xie_Beni', 'PBM_index']	0.38211042688654634	['silhouette', 'Xie_Beni', 'Ratkowsky_Lance']	0.38211042688654634	['silhouette', 'Xie_Beni', 'Ray_Turi']	0.38211042688654634	['silhouette', 'Xie_Beni', 'Scott_Symons']	0.38211042688654634	['silhouette', 'Xie_Beni', 'c_index']	0.38211042688654634	['silhouette', 'Xie_Beni', 'i_index']	0.38211042688654634	['silhouette', 'Xie_Beni', 'modified_hubert_t']	0.38211042688654634	['silhouette', 'Xie_Beni', 'point_biserial']	0.38211042688654634	['silhouette', 'Xie_Beni', 's_dbw']	0.38211042688654634	['silhouette', 'Xie_Beni', 'IIndex']	0.38211042688654634	['silhouette', 'Xie_Beni', 'SDBW']	0.38211042688654634	['silhouette', 'Xie_Beni', 'calinski_harabasz_score']	0.38211042688654634
twodiamonds	['IIndex', 'Ratkowsky_Lance', 'Banfeld_Raferty']	0.4584698883206346	['IIndex', 'Ratkowsky_Lance', 'Davies_Bouldin']	0.4584698883206346	['IIndex', 'Ratkowsky_Lance', 'Dunns_index']	0.4584698883206346	['IIndex', 'Ratkowsky_Lance', 'McClain_Rao']	0.4584698883206346	['IIndex', 'Ratkowsky_Lance', 'PBM_index']	0.4584698883206346	['IIndex', 'Ratkowsky_Lance', 'Ray_Turi']	0.4584698883206346	['IIndex', 'Ratkowsky_Lance', 'Scott_Symons']	0.4584698883206346	['IIndex', 'Ratkowsky_Lance', 'Xie_Beni']	0.4584698883206346	['IIndex', 'Ratkowsky_Lance', 'c_index']	0.4584698883206346	['IIndex', 'Ratkowsky_Lance', 'i_index']	0.4584698883206346	['IIndex', 'Ratkowsky_Lance', 'modified_hubert_t']	0.4584698883206346	['IIndex', 'Ratkowsky_Lance', 'point_biserial']	0.4584698883206346	['IIndex', 'Ratkowsky_Lance', 's_dbw']	0.4584698883206346	['IIndex', 'Ratkowsky_Lance', 'silhouette']	0.4584698883206346	['IIndex', 'Ratkowsky_Lance', 'SDBW']	0.4584698883206346	['IIndex', 'Ratkowsky_Lance', 'calinski_harabasz_score']	0.4584698883206346
zelnik1	['IIndex', 's_dbw', 'Banfeld_Raferty']	0.36457572278467804	['IIndex', 's_dbw', 'Davies_Bouldin']	0.36457572278467804	['IIndex', 's_dbw', 'Dunns_index']	0.36457572278467804	['IIndex', 's_dbw', 'McClain_Rao']	0.36457572278467804	['IIndex', 's_dbw', 'PBM_index']	0.36457572278467804	['IIndex', 's_dbw', 'Ratkowsky_Lance']	0.36457572278467804	['IIndex', 's_dbw', 'Ray_Turi']	0.36457572278467804	['IIndex', 's_dbw', 'Scott_Symons']	0.36457572278467804	['IIndex', 's_dbw', 'Xie_Beni']	0.36457572278467804	['IIndex', 's_dbw', 'c_index']	0.36457572278467804	['IIndex', 's_dbw', 'i_index']	0.36457572278467804	['IIndex', 's_dbw', 'modified_hubert_t']	0.36457572278467804	['IIndex', 's_dbw', 'point_biserial']	0.36457572278467804	['IIndex', 's_dbw', 'silhouette']	0.36457572278467804	['IIndex', 's_dbw', 'SDBW']	0.36457572278467804	['IIndex', 's_dbw', 'calinski_harabasz_score']	0.36457572278467804
gaussians1	['s_dbw', 'Dunns_index', 'Banfeld_Raferty']	0.5751174198935394	['s_dbw', 'Dunns_index', 'Davies_Bouldin']	0.5751174198935394	['s_dbw', 'Dunns_index', 'McClain_Rao']	0.5751174198935394	['s_dbw', 'Dunns_index', 'PBM_index']	0.5751174198935394	['s_dbw', 'Dunns_index', 'Ratkowsky_Lance']	0.5751174198935394	['s_dbw', 'Dunns_index', 'Ray_Turi']	0.5751174198935394	['s_dbw', 'Dunns_index', 'Scott_Symons']	0.5751174198935394	['s_dbw', 'Dunns_index', 'Xie_Beni']	0.5751174198935394	['s_dbw', 'Dunns_index', 'c_index']	0.5751174198935394	['s_dbw', 'Dunns_index', 'i_index']	0.5751174198935394	['s_dbw', 'Dunns_index', 'modified_hubert_t']	0.5751174198935394	['s_dbw', 'Dunns_index', 'point_biserial']	0.5751174198935394	['s_dbw', 'Dunns_index', 'silhouette']	0.5751174198935394	['s_dbw', 'Dunns_index', 'IIndex']	0.5751174198935394	['s_dbw', 'Dunns_index', 'SDBW']	0.5751174198935394	['s_dbw', 'Dunns_index', 'calinski_harabasz_score']	0.5751174198935394
segment	['Dunns_index', 'Banfeld_Raferty', 'Davies_Bouldin']	0.41346414779250606	['Dunns_index', 'Banfeld_Raferty', 'McClain_Rao']	0.41346414779250606	['Dunns_index', 'Banfeld_Raferty', 'PBM_index']	0.41346414779250606	['Dunns_index', 'Banfeld_Raferty', 'Ratkowsky_Lance']	0.41346414779250606	['Dunns_index', 'Banfeld_Raferty', 'Ray_Turi']	0.41346414779250606	['Dunns_index', 'Banfeld_Raferty', 'Scott_Symons']	0.41346414779250606	['Dunns_index', 'Banfeld_Raferty', 'Xie_Beni']	0.41346414779250606	['Dunns_index', 'Banfeld_Raferty', 'c_index']	0.41346414779250606	['Dunns_index', 'Banfeld_Raferty', 'i_index']	0.41346414779250606	['Dunns_index', 'Banfeld_Raferty', 'modified_hubert_t']	0.41346414779250606	['Dunns_index', 'Banfeld_Raferty', 'point_biserial']	0.41346414779250606	['Dunns_index', 'Banfeld_Raferty', 's_dbw']	0.41346414779250606	['Dunns_index', 'Banfeld_Raferty', 'silhouette']	0.41346414779250606	['Dunns_index', 'Banfeld_Raferty', 'IIndex']	0.41346414779250606	['Dunns_index', 'Banfeld_Raferty', 'SDBW']	0.41346414779250606	['Dunns_index', 'Banfeld_Raferty', 'calinski_harabasz_score']	0.41346414779250606
xclara	['i_index', 'Ratkowsky_Lance', 'Banfeld_Raferty']	0.7525519256862542	['IIndex', 'Ratkowsky_Lance', 'Banfeld_Raferty']	0.7525519256862542	['i_index', 'Ratkowsky_Lance', 'Davies_Bouldin']	0.7525519256862542	['IIndex', 'Ratkowsky_Lance', 'Davies_Bouldin']	0.7525519256862542	['i_index', 'Ratkowsky_Lance', 'Dunns_index']	0.7525519256862542	['IIndex', 'Ratkowsky_Lance', 'Dunns_index']	0.7525519256862542	['i_index', 'Ratkowsky_Lance', 'McClain_Rao']	0.7525519256862542	['IIndex', 'Ratkowsky_Lance', 'McClain_Rao']	0.7525519256862542	['i_index', 'Ratkowsky_Lance', 'PBM_index']	0.7525519256862542	['IIndex', 'Ratkowsky_Lance', 'PBM_index']	0.7525519256862542	['i_index', 'Ratkowsky_Lance', 'Ray_Turi']	0.7525519256862542	['IIndex', 'Ratkowsky_Lance', 'Ray_Turi']	0.7525519256862542	['i_index', 'Ratkowsky_Lance', 'Scott_Symons']	0.7525519256862542	['IIndex', 'Ratkowsky_Lance', 'Scott_Symons']	0.7525519256862542	['i_index', 'Ratkowsky_Lance', 'Xie_Beni']	0.7525519256862542	['IIndex', 'Ratkowsky_Lance', 'Xie_Beni']	0.7525519256862542	['i_index', 'Ratkowsky_Lance', 'c_index']	0.7525519256862542	['IIndex', 'Ratkowsky_Lance', 'c_index']	0.7525519256862542	['IIndex', 'Ratkowsky_Lance', 'i_index']	0.7525519256862542	['i_index', 'Ratkowsky_Lance', 'modified_hubert_t']	0.7525519256862542	['IIndex', 'Ratkowsky_Lance', 'modified_hubert_t']	0.7525519256862542	['i_index', 'Ratkowsky_Lance', 'point_biserial']	0.7525519256862542	['IIndex', 'Ratkowsky_Lance', 'point_biserial']	0.7525519256862542	['i_index', 'Ratkowsky_Lance', 's_dbw']	0.7525519256862542	['IIndex', 'Ratkowsky_Lance', 's_dbw']	0.7525519256862542	['i_index', 'Ratkowsky_Lance', 'silhouette']	0.7525519256862542	['IIndex', 'Ratkowsky_Lance', 'silhouette']	0.7525519256862542	['i_index', 'Ratkowsky_Lance', 'IIndex']	0.7525519256862542	['i_index', 'Ratkowsky_Lance', 'SDBW']	0.7525519256862542	['IIndex', 'Ratkowsky_Lance', 'SDBW']	0.7525519256862542	['i_index', 'Ratkowsky_Lance', 'calinski_harabasz_score']	0.7525519256862542	['IIndex', 'Ratkowsky_Lance', 'calinski_harabasz_score']	0.7525519256862542
square3	['Ray_Turi', 'Dunns_index', 'Banfeld_Raferty']	0.369669136833316	['Ray_Turi', 'Dunns_index', 'Davies_Bouldin']	0.369669136833316	['Ray_Turi', 'Dunns_index', 'McClain_Rao']	0.369669136833316	['Ray_Turi', 'Dunns_index', 'PBM_index']	0.369669136833316	['Ray_Turi', 'Dunns_index', 'Ratkowsky_Lance']	0.369669136833316	['Ray_Turi', 'Dunns_index', 'Scott_Symons']	0.369669136833316	['Ray_Turi', 'Dunns_index', 'Xie_Beni']	0.369669136833316	['Ray_Turi', 'Dunns_index', 'c_index']	0.369669136833316	['Ray_Turi', 'Dunns_index', 'i_index']	0.369669136833316	['Ray_Turi', 'Dunns_index', 'modified_hubert_t']	0.369669136833316	['Ray_Turi', 'Dunns_index', 'point_biserial']	0.369669136833316	['Ray_Turi', 'Dunns_index', 's_dbw']	0.369669136833316	['Ray_Turi', 'Dunns_index', 'silhouette']	0.369669136833316	['Ray_Turi', 'Dunns_index', 'IIndex']	0.369669136833316	['Ray_Turi', 'Dunns_index', 'SDBW']	0.369669136833316	['Ray_Turi', 'Dunns_index', 'calinski_harabasz_score']	0.369669136833316
pmf	['Ratkowsky_Lance', 'Dunns_index', 'Banfeld_Raferty']	0.526395992067634	['Ratkowsky_Lance', 'Dunns_index', 'Davies_Bouldin']	0.526395992067634	['Ratkowsky_Lance', 'Dunns_index', 'McClain_Rao']	0.526395992067634	['Ratkowsky_Lance', 'Dunns_index', 'PBM_index']	0.526395992067634	['Ratkowsky_Lance', 'Dunns_index', 'Ray_Turi']	0.526395992067634	['Ratkowsky_Lance', 'Dunns_index', 'Scott_Symons']	0.526395992067634	['Ratkowsky_Lance', 'Dunns_index', 'Xie_Beni']	0.526395992067634	['Ratkowsky_Lance', 'Dunns_index', 'c_index']	0.526395992067634	['Ratkowsky_Lance', 'Dunns_index', 'i_index']	0.526395992067634	['Ratkowsky_Lance', 'Dunns_index', 'modified_hubert_t']	0.526395992067634	['Ratkowsky_Lance', 'Dunns_index', 'point_biserial']	0.526395992067634	['Ratkowsky_Lance', 'Dunns_index', 's_dbw']	0.526395992067634	['Ratkowsky_Lance', 'Dunns_index', 'silhouette']	0.526395992067634	['Ratkowsky_Lance', 'Dunns_index', 'IIndex']	0.526395992067634	['Ratkowsky_Lance', 'Dunns_index', 'SDBW']	0.526395992067634	['Ratkowsky_Lance', 'Dunns_index', 'calinski_harabasz_score']	0.526395992067634
long2	['point_biserial', 'McClain_Rao', 'Banfeld_Raferty']	0.3989353929652438	['point_biserial', 'McClain_Rao', 'Davies_Bouldin']	0.3989353929652438	['point_biserial', 'McClain_Rao', 'Dunns_index']	0.3989353929652438	['point_biserial', 'McClain_Rao', 'PBM_index']	0.3989353929652438	['point_biserial', 'McClain_Rao', 'Ratkowsky_Lance']	0.3989353929652438	['point_biserial', 'McClain_Rao', 'Ray_Turi']	0.3989353929652438	['point_biserial', 'McClain_Rao', 'Scott_Symons']	0.3989353929652438	['point_biserial', 'McClain_Rao', 'Xie_Beni']	0.3989353929652438	['point_biserial', 'McClain_Rao', 'c_index']	0.3989353929652438	['point_biserial', 'McClain_Rao', 'i_index']	0.3989353929652438	['point_biserial', 'McClain_Rao', 'modified_hubert_t']	0.3989353929652438	['point_biserial', 'McClain_Rao', 's_dbw']	0.3989353929652438	['point_biserial', 'McClain_Rao', 'silhouette']	0.3989353929652438	['point_biserial', 'McClain_Rao', 'IIndex']	0.3989353929652438	['point_biserial', 'McClain_Rao', 'SDBW']	0.3989353929652438	['point_biserial', 'McClain_Rao', 'calinski_harabasz_score']	0.3989353929652438
hepta	['SDBW', 's_dbw', 'Banfeld_Raferty']	0.479469783947396	['SDBW', 's_dbw', 'Davies_Bouldin']	0.479469783947396	['SDBW', 's_dbw', 'Dunns_index']	0.479469783947396	['SDBW', 's_dbw', 'McClain_Rao']	0.479469783947396	['SDBW', 's_dbw', 'PBM_index']	0.479469783947396	['SDBW', 's_dbw', 'Ratkowsky_Lance']	0.479469783947396	['SDBW', 's_dbw', 'Ray_Turi']	0.479469783947396	['SDBW', 's_dbw', 'Scott_Symons']	0.479469783947396	['SDBW', 's_dbw', 'Xie_Beni']	0.479469783947396	['SDBW', 's_dbw', 'c_index']	0.479469783947396	['SDBW', 's_dbw', 'i_index']	0.479469783947396	['SDBW', 's_dbw', 'modified_hubert_t']	0.479469783947396	['SDBW', 's_dbw', 'point_biserial']	0.479469783947396	['SDBW', 's_dbw', 'silhouette']	0.479469783947396	['SDBW', 's_dbw', 'IIndex']	0.479469783947396	['SDBW', 's_dbw', 'calinski_harabasz_score']	0.479469783947396
zelnik5	['c_index', 'PBM_index', 'Banfeld_Raferty']	0.36891764951466455	['c_index', 'PBM_index', 'Davies_Bouldin']	0.36891764951466455	['c_index', 'PBM_index', 'Dunns_index']	0.36891764951466455	['c_index', 'PBM_index', 'McClain_Rao']	0.36891764951466455	['c_index', 'PBM_index', 'Ratkowsky_Lance']	0.36891764951466455	['c_index', 'PBM_index', 'Ray_Turi']	0.36891764951466455	['c_index', 'PBM_index', 'Scott_Symons']	0.36891764951466455	['c_index', 'PBM_index', 'Xie_Beni']	0.36891764951466455	['c_index', 'PBM_index', 'i_index']	0.36891764951466455	['c_index', 'PBM_index', 'modified_hubert_t']	0.36891764951466455	['c_index', 'PBM_index', 'point_biserial']	0.36891764951466455	['c_index', 'PBM_index', 's_dbw']	0.36891764951466455	['c_index', 'PBM_index', 'silhouette']	0.36891764951466455	['c_index', 'PBM_index', 'IIndex']	0.36891764951466455	['c_index', 'PBM_index', 'SDBW']	0.36891764951466455	['c_index', 'PBM_index', 'calinski_harabasz_score']	0.36891764951466455
iris	['calinski_harabasz_score', 'PBM_index', 'Banfeld_Raferty']	0.32136520196221696	['calinski_harabasz_score', 'PBM_index', 'Davies_Bouldin']	0.32136520196221696	['calinski_harabasz_score', 'PBM_index', 'Dunns_index']	0.32136520196221696	['calinski_harabasz_score', 'PBM_index', 'McClain_Rao']	0.32136520196221696	['calinski_harabasz_score', 'PBM_index', 'Ratkowsky_Lance']	0.32136520196221696	['calinski_harabasz_score', 'PBM_index', 'Ray_Turi']	0.32136520196221696	['calinski_harabasz_score', 'PBM_index', 'Scott_Symons']	0.32136520196221696	['calinski_harabasz_score', 'PBM_index', 'Xie_Beni']	0.32136520196221696	['calinski_harabasz_score', 'PBM_index', 'c_index']	0.32136520196221696	['calinski_harabasz_score', 'PBM_index', 'i_index']	0.32136520196221696	['calinski_harabasz_score', 'PBM_index', 'modified_hubert_t']	0.32136520196221696	['calinski_harabasz_score', 'PBM_index', 'point_biserial']	0.32136520196221696	['calinski_harabasz_score', 'PBM_index', 's_dbw']	0.32136520196221696	['calinski_harabasz_score', 'PBM_index', 'silhouette']	0.32136520196221696	['calinski_harabasz_score', 'PBM_index', 'IIndex']	0.32136520196221696	['calinski_harabasz_score', 'PBM_index', 'SDBW']	0.32136520196221696
square2	['IIndex', 'Ratkowsky_Lance', 'Banfeld_Raferty']	0.42578018995929445	['IIndex', 'Ratkowsky_Lance', 'Davies_Bouldin']	0.42578018995929445	['IIndex', 'Ratkowsky_Lance', 'Dunns_index']	0.42578018995929445	['IIndex', 'Ratkowsky_Lance', 'McClain_Rao']	0.42578018995929445	['IIndex', 'Ratkowsky_Lance', 'PBM_index']	0.42578018995929445	['IIndex', 'Ratkowsky_Lance', 'Ray_Turi']	0.42578018995929445	['IIndex', 'Ratkowsky_Lance', 'Scott_Symons']	0.42578018995929445	['IIndex', 'Ratkowsky_Lance', 'Xie_Beni']	0.42578018995929445	['IIndex', 'Ratkowsky_Lance', 'c_index']	0.42578018995929445	['IIndex', 'Ratkowsky_Lance', 'i_index']	0.42578018995929445	['IIndex', 'Ratkowsky_Lance', 'modified_hubert_t']	0.42578018995929445	['IIndex', 'Ratkowsky_Lance', 'point_biserial']	0.42578018995929445	['IIndex', 'Ratkowsky_Lance', 's_dbw']	0.42578018995929445	['IIndex', 'Ratkowsky_Lance', 'silhouette']	0.42578018995929445	['IIndex', 'Ratkowsky_Lance', 'SDBW']	0.42578018995929445	['IIndex', 'Ratkowsky_Lance', 'calinski_harabasz_score']	0.42578018995929445
flame	['IIndex', 'Ratkowsky_Lance', 'Banfeld_Raferty']	0.39225550568834155	['IIndex', 'Ratkowsky_Lance', 'Davies_Bouldin']	0.39225550568834155	['IIndex', 'Ratkowsky_Lance', 'Dunns_index']	0.39225550568834155	['IIndex', 'Ratkowsky_Lance', 'McClain_Rao']	0.39225550568834155	['IIndex', 'Ratkowsky_Lance', 'PBM_index']	0.39225550568834155	['IIndex', 'Ratkowsky_Lance', 'Ray_Turi']	0.39225550568834155	['IIndex', 'Ratkowsky_Lance', 'Scott_Symons']	0.39225550568834155	['IIndex', 'Ratkowsky_Lance', 'Xie_Beni']	0.39225550568834155	['IIndex', 'Ratkowsky_Lance', 'c_index']	0.39225550568834155	['IIndex', 'Ratkowsky_Lance', 'i_index']	0.39225550568834155	['IIndex', 'Ratkowsky_Lance', 'modified_hubert_t']	0.39225550568834155	['IIndex', 'Ratkowsky_Lance', 'point_biserial']	0.39225550568834155	['IIndex', 'Ratkowsky_Lance', 's_dbw']	0.39225550568834155	['IIndex', 'Ratkowsky_Lance', 'silhouette']	0.39225550568834155	['IIndex', 'Ratkowsky_Lance', 'SDBW']	0.39225550568834155	['IIndex', 'Ratkowsky_Lance', 'calinski_harabasz_score']	0.39225550568834155
long3	['modified_hubert_t', 'Ratkowsky_Lance', 'Banfeld_Raferty']	0.3825696691368334	['modified_hubert_t', 'Ratkowsky_Lance', 'Davies_Bouldin']	0.3825696691368334	['modified_hubert_t', 'Ratkowsky_Lance', 'Dunns_index']	0.3825696691368334	['modified_hubert_t', 'Ratkowsky_Lance', 'McClain_Rao']	0.3825696691368334	['modified_hubert_t', 'Ratkowsky_Lance', 'PBM_index']	0.3825696691368334	['modified_hubert_t', 'Ratkowsky_Lance', 'Ray_Turi']	0.3825696691368334	['modified_hubert_t', 'Ratkowsky_Lance', 'Scott_Symons']	0.3825696691368334	['modified_hubert_t', 'Ratkowsky_Lance', 'Xie_Beni']	0.3825696691368334	['modified_hubert_t', 'Ratkowsky_Lance', 'c_index']	0.3825696691368334	['modified_hubert_t', 'Ratkowsky_Lance', 'i_index']	0.3825696691368334	['modified_hubert_t', 'Ratkowsky_Lance', 'point_biserial']	0.3825696691368334	['modified_hubert_t', 'Ratkowsky_Lance', 's_dbw']	0.3825696691368334	['modified_hubert_t', 'Ratkowsky_Lance', 'silhouette']	0.3825696691368334	['modified_hubert_t', 'Ratkowsky_Lance', 'IIndex']	0.3825696691368334	['modified_hubert_t', 'Ratkowsky_Lance', 'SDBW']	0.3825696691368334	['modified_hubert_t', 'Ratkowsky_Lance', 'calinski_harabasz_score']	0.3825696691368334
rings	['calinski_harabasz_score', 'point_biserial', 'Banfeld_Raferty']	0.4251122012316043	['calinski_harabasz_score', 'point_biserial', 'Davies_Bouldin']	0.4251122012316043	['calinski_harabasz_score', 'point_biserial', 'Dunns_index']	0.4251122012316043	['calinski_harabasz_score', 'point_biserial', 'McClain_Rao']	0.4251122012316043	['calinski_harabasz_score', 'point_biserial', 'PBM_index']	0.4251122012316043	['calinski_harabasz_score', 'point_biserial', 'Ratkowsky_Lance']	0.4251122012316043	['calinski_harabasz_score', 'point_biserial', 'Ray_Turi']	0.4251122012316043	['calinski_harabasz_score', 'point_biserial', 'Scott_Symons']	0.4251122012316043	['calinski_harabasz_score', 'point_biserial', 'Xie_Beni']	0.4251122012316043	['calinski_harabasz_score', 'point_biserial', 'c_index']	0.4251122012316043	['calinski_harabasz_score', 'point_biserial', 'i_index']	0.4251122012316043	['calinski_harabasz_score', 'point_biserial', 'modified_hubert_t']	0.4251122012316043	['calinski_harabasz_score', 'point_biserial', 's_dbw']	0.4251122012316043	['calinski_harabasz_score', 'point_biserial', 'silhouette']	0.4251122012316043	['calinski_harabasz_score', 'point_biserial', 'IIndex']	0.4251122012316043	['calinski_harabasz_score', 'point_biserial', 'SDBW']	0.4251122012316043
zelnik6	['i_index', 'Ray_Turi', 'Banfeld_Raferty']	0.43646800960233806	['IIndex', 'Ray_Turi', 'Banfeld_Raferty']	0.43646800960233806	['i_index', 'Ray_Turi', 'Davies_Bouldin']	0.43646800960233806	['IIndex', 'Ray_Turi', 'Davies_Bouldin']	0.43646800960233806	['i_index', 'Ray_Turi', 'Dunns_index']	0.43646800960233806	['IIndex', 'Ray_Turi', 'Dunns_index']	0.43646800960233806	['i_index', 'Ray_Turi', 'McClain_Rao']	0.43646800960233806	['IIndex', 'Ray_Turi', 'McClain_Rao']	0.43646800960233806	['i_index', 'Ray_Turi', 'PBM_index']	0.43646800960233806	['IIndex', 'Ray_Turi', 'PBM_index']	0.43646800960233806	['i_index', 'Ray_Turi', 'Ratkowsky_Lance']	0.43646800960233806	['IIndex', 'Ray_Turi', 'Ratkowsky_Lance']	0.43646800960233806	['i_index', 'Ray_Turi', 'Scott_Symons']	0.43646800960233806	['IIndex', 'Ray_Turi', 'Scott_Symons']	0.43646800960233806	['i_index', 'Ray_Turi', 'Xie_Beni']	0.43646800960233806	['IIndex', 'Ray_Turi', 'Xie_Beni']	0.43646800960233806	['i_index', 'Ray_Turi', 'c_index']	0.43646800960233806	['IIndex', 'Ray_Turi', 'c_index']	0.43646800960233806	['IIndex', 'Ray_Turi', 'i_index']	0.43646800960233806	['i_index', 'Ray_Turi', 'modified_hubert_t']	0.43646800960233806	['IIndex', 'Ray_Turi', 'modified_hubert_t']	0.43646800960233806	['i_index', 'Ray_Turi', 'point_biserial']	0.43646800960233806	['IIndex', 'Ray_Turi', 'point_biserial']	0.43646800960233806	['i_index', 'Ray_Turi', 's_dbw']	0.43646800960233806	['IIndex', 'Ray_Turi', 's_dbw']	0.43646800960233806	['i_index', 'Ray_Turi', 'silhouette']	0.43646800960233806	['IIndex', 'Ray_Turi', 'silhouette']	0.43646800960233806	['i_index', 'Ray_Turi', 'IIndex']	0.43646800960233806	['i_index', 'Ray_Turi', 'SDBW']	0.43646800960233806	['IIndex', 'Ray_Turi', 'SDBW']	0.43646800960233806	['i_index', 'Ray_Turi', 'calinski_harabasz_score']	0.43646800960233806	['IIndex', 'Ray_Turi', 'calinski_harabasz_score']	0.43646800960233806	['i_index', 'Xie_Beni', 'Banfeld_Raferty']	0.43646800960233806	['IIndex', 'Xie_Beni', 'Banfeld_Raferty']	0.43646800960233806	['i_index', 'Xie_Beni', 'Davies_Bouldin']	0.43646800960233806	['IIndex', 'Xie_Beni', 'Davies_Bouldin']	0.43646800960233806	['i_index', 'Xie_Beni', 'Dunns_index']	0.43646800960233806	['IIndex', 'Xie_Beni', 'Dunns_index']	0.43646800960233806	['i_index', 'Xie_Beni', 'McClain_Rao']	0.43646800960233806	['IIndex', 'Xie_Beni', 'McClain_Rao']	0.43646800960233806	['i_index', 'Xie_Beni', 'PBM_index']	0.43646800960233806	['IIndex', 'Xie_Beni', 'PBM_index']	0.43646800960233806	['i_index', 'Xie_Beni', 'Ratkowsky_Lance']	0.43646800960233806	['IIndex', 'Xie_Beni', 'Ratkowsky_Lance']	0.43646800960233806	['i_index', 'Xie_Beni', 'Ray_Turi']	0.43646800960233806	['IIndex', 'Xie_Beni', 'Ray_Turi']	0.43646800960233806	['i_index', 'Xie_Beni', 'Scott_Symons']	0.43646800960233806	['IIndex', 'Xie_Beni', 'Scott_Symons']	0.43646800960233806	['i_index', 'Xie_Beni', 'c_index']	0.43646800960233806	['IIndex', 'Xie_Beni', 'c_index']	0.43646800960233806	['IIndex', 'Xie_Beni', 'i_index']	0.43646800960233806	['i_index', 'Xie_Beni', 'modified_hubert_t']	0.43646800960233806	['IIndex', 'Xie_Beni', 'modified_hubert_t']	0.43646800960233806	['i_index', 'Xie_Beni', 'point_biserial']	0.43646800960233806	['IIndex', 'Xie_Beni', 'point_biserial']	0.43646800960233806	['i_index', 'Xie_Beni', 's_dbw']	0.43646800960233806	['IIndex', 'Xie_Beni', 's_dbw']	0.43646800960233806	['i_index', 'Xie_Beni', 'silhouette']	0.43646800960233806	['IIndex', 'Xie_Beni', 'silhouette']	0.43646800960233806	['i_index', 'Xie_Beni', 'IIndex']	0.43646800960233806	['i_index', 'Xie_Beni', 'SDBW']	0.43646800960233806	['IIndex', 'Xie_Beni', 'SDBW']	0.43646800960233806	['i_index', 'Xie_Beni', 'calinski_harabasz_score']	0.43646800960233806	['IIndex', 'Xie_Beni', 'calinski_harabasz_score']	0.43646800960233806
R15	['SDBW', 'modified_hubert_t', 'Banfeld_Raferty']	0.5987475211355809	['SDBW', 'modified_hubert_t', 'Davies_Bouldin']	0.5987475211355809	['SDBW', 'modified_hubert_t', 'Dunns_index']	0.5987475211355809	['SDBW', 'modified_hubert_t', 'McClain_Rao']	0.5987475211355809	['SDBW', 'modified_hubert_t', 'PBM_index']	0.5987475211355809	['SDBW', 'modified_hubert_t', 'Ratkowsky_Lance']	0.5987475211355809	['SDBW', 'modified_hubert_t', 'Ray_Turi']	0.5987475211355809	['SDBW', 'modified_hubert_t', 'Scott_Symons']	0.5987475211355809	['SDBW', 'modified_hubert_t', 'Xie_Beni']	0.5987475211355809	['SDBW', 'modified_hubert_t', 'c_index']	0.5987475211355809	['SDBW', 'modified_hubert_t', 'i_index']	0.5987475211355809	['SDBW', 'modified_hubert_t', 'point_biserial']	0.5987475211355809	['SDBW', 'modified_hubert_t', 's_dbw']	0.5987475211355809	['SDBW', 'modified_hubert_t', 'silhouette']	0.5987475211355809	['SDBW', 'modified_hubert_t', 'IIndex']	0.5987475211355809	['SDBW', 'modified_hubert_t', 'calinski_harabasz_score']	0.5987475211355809
shapes	['PBM_index', 'Banfeld_Raferty', 'Davies_Bouldin']	0.4656090178478239	['PBM_index', 'Banfeld_Raferty', 'Dunns_index']	0.4656090178478239	['PBM_index', 'Banfeld_Raferty', 'McClain_Rao']	0.4656090178478239	['PBM_index', 'Banfeld_Raferty', 'Ratkowsky_Lance']	0.4656090178478239	['PBM_index', 'Banfeld_Raferty', 'Ray_Turi']	0.4656090178478239	['PBM_index', 'Banfeld_Raferty', 'Scott_Symons']	0.4656090178478239	['PBM_index', 'Banfeld_Raferty', 'Xie_Beni']	0.4656090178478239	['PBM_index', 'Banfeld_Raferty', 'c_index']	0.4656090178478239	['PBM_index', 'Banfeld_Raferty', 'i_index']	0.4656090178478239	['PBM_index', 'Banfeld_Raferty', 'modified_hubert_t']	0.4656090178478239	['PBM_index', 'Banfeld_Raferty', 'point_biserial']	0.4656090178478239	['PBM_index', 'Banfeld_Raferty', 's_dbw']	0.4656090178478239	['PBM_index', 'Banfeld_Raferty', 'silhouette']	0.4656090178478239	['PBM_index', 'Banfeld_Raferty', 'IIndex']	0.4656090178478239	['PBM_index', 'Banfeld_Raferty', 'SDBW']	0.4656090178478239	['PBM_index', 'Banfeld_Raferty', 'calinski_harabasz_score']	0.4656090178478239
xor	['SDBW', 'modified_hubert_t', 'Banfeld_Raferty']	0.36728942699091954	['SDBW', 'modified_hubert_t', 'Davies_Bouldin']	0.36728942699091954	['SDBW', 'modified_hubert_t', 'Dunns_index']	0.36728942699091954	['SDBW', 'modified_hubert_t', 'McClain_Rao']	0.36728942699091954	['SDBW', 'modified_hubert_t', 'PBM_index']	0.36728942699091954	['SDBW', 'modified_hubert_t', 'Ratkowsky_Lance']	0.36728942699091954	['SDBW', 'modified_hubert_t', 'Ray_Turi']	0.36728942699091954	['SDBW', 'modified_hubert_t', 'Scott_Symons']	0.36728942699091954	['SDBW', 'modified_hubert_t', 'Xie_Beni']	0.36728942699091954	['SDBW', 'modified_hubert_t', 'c_index']	0.36728942699091954	['SDBW', 'modified_hubert_t', 'i_index']	0.36728942699091954	['SDBW', 'modified_hubert_t', 'point_biserial']	0.36728942699091954	['SDBW', 'modified_hubert_t', 's_dbw']	0.36728942699091954	['SDBW', 'modified_hubert_t', 'silhouette']	0.36728942699091954	['SDBW', 'modified_hubert_t', 'IIndex']	0.36728942699091954	['SDBW', 'modified_hubert_t', 'calinski_harabasz_score']	0.36728942699091954
thy	['silhouette', 'McClain_Rao', 'Banfeld_Raferty']	0.27080680513516336	['silhouette', 'McClain_Rao', 'Davies_Bouldin']	0.27080680513516336	['silhouette', 'McClain_Rao', 'Dunns_index']	0.27080680513516336	['silhouette', 'McClain_Rao', 'PBM_index']	0.27080680513516336	['silhouette', 'McClain_Rao', 'Ratkowsky_Lance']	0.27080680513516336	['silhouette', 'McClain_Rao', 'Ray_Turi']	0.27080680513516336	['silhouette', 'McClain_Rao', 'Scott_Symons']	0.27080680513516336	['silhouette', 'McClain_Rao', 'Xie_Beni']	0.27080680513516336	['silhouette', 'McClain_Rao', 'c_index']	0.27080680513516336	['silhouette', 'McClain_Rao', 'i_index']	0.27080680513516336	['silhouette', 'McClain_Rao', 'modified_hubert_t']	0.27080680513516336	['silhouette', 'McClain_Rao', 'point_biserial']	0.27080680513516336	['silhouette', 'McClain_Rao', 's_dbw']	0.27080680513516336	['silhouette', 'McClain_Rao', 'IIndex']	0.27080680513516336	['silhouette', 'McClain_Rao', 'SDBW']	0.27080680513516336	['silhouette', 'McClain_Rao', 'calinski_harabasz_score']	0.27080680513516336
fourty	['s_dbw', 'modified_hubert_t', 'Banfeld_Raferty']	0.937960546915771	['s_dbw', 'modified_hubert_t', 'Davies_Bouldin']	0.937960546915771	['s_dbw', 'modified_hubert_t', 'Dunns_index']	0.937960546915771	['s_dbw', 'modified_hubert_t', 'McClain_Rao']	0.937960546915771	['s_dbw', 'modified_hubert_t', 'PBM_index']	0.937960546915771	['s_dbw', 'modified_hubert_t', 'Ratkowsky_Lance']	0.937960546915771	['s_dbw', 'modified_hubert_t', 'Ray_Turi']	0.937960546915771	['s_dbw', 'modified_hubert_t', 'Scott_Symons']	0.937960546915771	['s_dbw', 'modified_hubert_t', 'Xie_Beni']	0.937960546915771	['s_dbw', 'modified_hubert_t', 'c_index']	0.937960546915771	['s_dbw', 'modified_hubert_t', 'i_index']	0.937960546915771	['s_dbw', 'modified_hubert_t', 'point_biserial']	0.937960546915771	['s_dbw', 'modified_hubert_t', 'silhouette']	0.937960546915771	['s_dbw', 'modified_hubert_t', 'IIndex']	0.937960546915771	['s_dbw', 'modified_hubert_t', 'SDBW']	0.937960546915771	['s_dbw', 'modified_hubert_t', 'calinski_harabasz_score']	0.937960546915771
square4	['PBM_index', 'Davies_Bouldin', 'Banfeld_Raferty']	0.35856382423546607	['PBM_index', 'Davies_Bouldin', 'Dunns_index']	0.35856382423546607	['PBM_index', 'Davies_Bouldin', 'McClain_Rao']	0.35856382423546607	['PBM_index', 'Davies_Bouldin', 'Ratkowsky_Lance']	0.35856382423546607	['PBM_index', 'Davies_Bouldin', 'Ray_Turi']	0.35856382423546607	['PBM_index', 'Davies_Bouldin', 'Scott_Symons']	0.35856382423546607	['PBM_index', 'Davies_Bouldin', 'Xie_Beni']	0.35856382423546607	['PBM_index', 'Davies_Bouldin', 'c_index']	0.35856382423546607	['PBM_index', 'Davies_Bouldin', 'i_index']	0.35856382423546607	['PBM_index', 'Davies_Bouldin', 'modified_hubert_t']	0.35856382423546607	['PBM_index', 'Davies_Bouldin', 'point_biserial']	0.35856382423546607	['PBM_index', 'Davies_Bouldin', 's_dbw']	0.35856382423546607	['PBM_index', 'Davies_Bouldin', 'silhouette']	0.35856382423546607	['PBM_index', 'Davies_Bouldin', 'IIndex']	0.35856382423546607	['PBM_index', 'Davies_Bouldin', 'SDBW']	0.35856382423546607	['PBM_index', 'Davies_Bouldin', 'calinski_harabasz_score']	0.35856382423546607
smile3	['point_biserial', 'Banfeld_Raferty', 'Davies_Bouldin']	0.31184636259263127	['point_biserial', 'Banfeld_Raferty', 'Dunns_index']	0.31184636259263127	['point_biserial', 'Banfeld_Raferty', 'McClain_Rao']	0.31184636259263127	['point_biserial', 'Banfeld_Raferty', 'PBM_index']	0.31184636259263127	['point_biserial', 'Banfeld_Raferty', 'Ratkowsky_Lance']	0.31184636259263127	['point_biserial', 'Banfeld_Raferty', 'Ray_Turi']	0.31184636259263127	['point_biserial', 'Banfeld_Raferty', 'Scott_Symons']	0.31184636259263127	['point_biserial', 'Banfeld_Raferty', 'Xie_Beni']	0.31184636259263127	['point_biserial', 'Banfeld_Raferty', 'c_index']	0.31184636259263127	['point_biserial', 'Banfeld_Raferty', 'i_index']	0.31184636259263127	['point_biserial', 'Banfeld_Raferty', 'modified_hubert_t']	0.31184636259263127	['point_biserial', 'Banfeld_Raferty', 's_dbw']	0.31184636259263127	['point_biserial', 'Banfeld_Raferty', 'silhouette']	0.31184636259263127	['point_biserial', 'Banfeld_Raferty', 'IIndex']	0.31184636259263127	['point_biserial', 'Banfeld_Raferty', 'SDBW']	0.31184636259263127	['point_biserial', 'Banfeld_Raferty', 'calinski_harabasz_score']	0.31184636259263127
triangle1	['silhouette', 'i_index', 'Banfeld_Raferty']	0.3954702014403507	['silhouette', 'i_index', 'Davies_Bouldin']	0.3954702014403507	['silhouette', 'i_index', 'Dunns_index']	0.3954702014403507	['silhouette', 'i_index', 'McClain_Rao']	0.3954702014403507	['silhouette', 'i_index', 'PBM_index']	0.3954702014403507	['silhouette', 'i_index', 'Ratkowsky_Lance']	0.3954702014403507	['silhouette', 'i_index', 'Ray_Turi']	0.3954702014403507	['silhouette', 'i_index', 'Scott_Symons']	0.3954702014403507	['silhouette', 'i_index', 'Xie_Beni']	0.3954702014403507	['silhouette', 'i_index', 'c_index']	0.3954702014403507	['silhouette', 'i_index', 'modified_hubert_t']	0.3954702014403507	['silhouette', 'i_index', 'point_biserial']	0.3954702014403507	['silhouette', 'i_index', 's_dbw']	0.3954702014403507	['silhouette', 'i_index', 'IIndex']	0.3954702014403507	['silhouette', 'i_index', 'SDBW']	0.3954702014403507	['silhouette', 'i_index', 'calinski_harabasz_score']	0.3954702014403507
smile1	['calinski_harabasz_score', 'Davies_Bouldin', 'Banfeld_Raferty']	0.4277424068468845	['calinski_harabasz_score', 'Davies_Bouldin', 'Dunns_index']	0.4277424068468845	['calinski_harabasz_score', 'Davies_Bouldin', 'McClain_Rao']	0.4277424068468845	['calinski_harabasz_score', 'Davies_Bouldin', 'PBM_index']	0.4277424068468845	['calinski_harabasz_score', 'Davies_Bouldin', 'Ratkowsky_Lance']	0.4277424068468845	['calinski_harabasz_score', 'Davies_Bouldin', 'Ray_Turi']	0.4277424068468845	['calinski_harabasz_score', 'Davies_Bouldin', 'Scott_Symons']	0.4277424068468845	['calinski_harabasz_score', 'Davies_Bouldin', 'Xie_Beni']	0.4277424068468845	['calinski_harabasz_score', 'Davies_Bouldin', 'c_index']	0.4277424068468845	['calinski_harabasz_score', 'Davies_Bouldin', 'i_index']	0.4277424068468845	['calinski_harabasz_score', 'Davies_Bouldin', 'modified_hubert_t']	0.4277424068468845	['calinski_harabasz_score', 'Davies_Bouldin', 'point_biserial']	0.4277424068468845	['calinski_harabasz_score', 'Davies_Bouldin', 's_dbw']	0.4277424068468845	['calinski_harabasz_score', 'Davies_Bouldin', 'silhouette']	0.4277424068468845	['calinski_harabasz_score', 'Davies_Bouldin', 'IIndex']	0.4277424068468845	['calinski_harabasz_score', 'Davies_Bouldin', 'SDBW']	0.4277424068468845
spherical_4_3	['modified_hubert_t', 'i_index', 'Banfeld_Raferty']	0.3763907734056989	['IIndex', 'i_index', 'Banfeld_Raferty']	0.3763907734056989	['modified_hubert_t', 'i_index', 'Davies_Bouldin']	0.3763907734056989	['IIndex', 'i_index', 'Davies_Bouldin']	0.3763907734056989	['modified_hubert_t', 'i_index', 'Dunns_index']	0.3763907734056989	['IIndex', 'i_index', 'Dunns_index']	0.3763907734056989	['modified_hubert_t', 'i_index', 'McClain_Rao']	0.3763907734056989	['IIndex', 'i_index', 'McClain_Rao']	0.3763907734056989	['modified_hubert_t', 'i_index', 'PBM_index']	0.3763907734056989	['IIndex', 'i_index', 'PBM_index']	0.3763907734056989	['modified_hubert_t', 'i_index', 'Ratkowsky_Lance']	0.3763907734056989	['IIndex', 'i_index', 'Ratkowsky_Lance']	0.3763907734056989	['modified_hubert_t', 'i_index', 'Ray_Turi']	0.3763907734056989	['IIndex', 'i_index', 'Ray_Turi']	0.3763907734056989	['modified_hubert_t', 'i_index', 'Scott_Symons']	0.3763907734056989	['IIndex', 'i_index', 'Scott_Symons']	0.3763907734056989	['modified_hubert_t', 'i_index', 'Xie_Beni']	0.3763907734056989	['IIndex', 'i_index', 'Xie_Beni']	0.3763907734056989	['modified_hubert_t', 'i_index', 'c_index']	0.3763907734056989	['IIndex', 'i_index', 'c_index']	0.3763907734056989	['IIndex', 'i_index', 'modified_hubert_t']	0.3763907734056989	['modified_hubert_t', 'i_index', 'point_biserial']	0.3763907734056989	['IIndex', 'i_index', 'point_biserial']	0.3763907734056989	['modified_hubert_t', 'i_index', 's_dbw']	0.3763907734056989	['IIndex', 'i_index', 's_dbw']	0.3763907734056989	['modified_hubert_t', 'i_index', 'silhouette']	0.3763907734056989	['IIndex', 'i_index', 'silhouette']	0.3763907734056989	['modified_hubert_t', 'i_index', 'IIndex']	0.3763907734056989	['modified_hubert_t', 'i_index', 'SDBW']	0.3763907734056989	['IIndex', 'i_index', 'SDBW']	0.3763907734056989	['modified_hubert_t', 'i_index', 'calinski_harabasz_score']	0.3763907734056989	['IIndex', 'i_index', 'calinski_harabasz_score']	0.3763907734056989
sizes5	['calinski_harabasz_score', 'Davies_Bouldin', 'Banfeld_Raferty']	0.42043628013777273	['calinski_harabasz_score', 'Davies_Bouldin', 'Dunns_index']	0.42043628013777273	['calinski_harabasz_score', 'Davies_Bouldin', 'McClain_Rao']	0.42043628013777273	['calinski_harabasz_score', 'Davies_Bouldin', 'PBM_index']	0.42043628013777273	['calinski_harabasz_score', 'Davies_Bouldin', 'Ratkowsky_Lance']	0.42043628013777273	['calinski_harabasz_score', 'Davies_Bouldin', 'Ray_Turi']	0.42043628013777273	['calinski_harabasz_score', 'Davies_Bouldin', 'Scott_Symons']	0.42043628013777273	['calinski_harabasz_score', 'Davies_Bouldin', 'Xie_Beni']	0.42043628013777273	['calinski_harabasz_score', 'Davies_Bouldin', 'c_index']	0.42043628013777273	['calinski_harabasz_score', 'Davies_Bouldin', 'i_index']	0.42043628013777273	['calinski_harabasz_score', 'Davies_Bouldin', 'modified_hubert_t']	0.42043628013777273	['calinski_harabasz_score', 'Davies_Bouldin', 'point_biserial']	0.42043628013777273	['calinski_harabasz_score', 'Davies_Bouldin', 's_dbw']	0.42043628013777273	['calinski_harabasz_score', 'Davies_Bouldin', 'silhouette']	0.42043628013777273	['calinski_harabasz_score', 'Davies_Bouldin', 'IIndex']	0.42043628013777273	['calinski_harabasz_score', 'Davies_Bouldin', 'SDBW']	0.42043628013777273
iono	['modified_hubert_t', 'Scott_Symons', 'Banfeld_Raferty']	1.0	['modified_hubert_t', 'Scott_Symons', 'Davies_Bouldin']	1.0	['modified_hubert_t', 'Scott_Symons', 'Dunns_index']	1.0	['modified_hubert_t', 'Scott_Symons', 'McClain_Rao']	1.0	['modified_hubert_t', 'Scott_Symons', 'PBM_index']	1.0	['modified_hubert_t', 'Scott_Symons', 'Ratkowsky_Lance']	1.0	['modified_hubert_t', 'Scott_Symons', 'Ray_Turi']	1.0	['modified_hubert_t', 'Scott_Symons', 'Xie_Beni']	1.0	['modified_hubert_t', 'Scott_Symons', 'c_index']	1.0	['modified_hubert_t', 'Scott_Symons', 'i_index']	1.0	['modified_hubert_t', 'Scott_Symons', 'point_biserial']	1.0	['modified_hubert_t', 'Scott_Symons', 's_dbw']	1.0	['modified_hubert_t', 'Scott_Symons', 'silhouette']	1.0	['modified_hubert_t', 'Scott_Symons', 'IIndex']	1.0	['modified_hubert_t', 'Scott_Symons', 'SDBW']	1.0	['modified_hubert_t', 'Scott_Symons', 'calinski_harabasz_score']	1.0
long1	['modified_hubert_t', 'Davies_Bouldin', 'Banfeld_Raferty']	0.420979020979021	['modified_hubert_t', 'Davies_Bouldin', 'Dunns_index']	0.420979020979021	['modified_hubert_t', 'Davies_Bouldin', 'McClain_Rao']	0.420979020979021	['modified_hubert_t', 'Davies_Bouldin', 'PBM_index']	0.420979020979021	['modified_hubert_t', 'Davies_Bouldin', 'Ratkowsky_Lance']	0.420979020979021	['modified_hubert_t', 'Davies_Bouldin', 'Ray_Turi']	0.420979020979021	['modified_hubert_t', 'Davies_Bouldin', 'Scott_Symons']	0.420979020979021	['modified_hubert_t', 'Davies_Bouldin', 'Xie_Beni']	0.420979020979021	['modified_hubert_t', 'Davies_Bouldin', 'c_index']	0.420979020979021	['modified_hubert_t', 'Davies_Bouldin', 'i_index']	0.420979020979021	['modified_hubert_t', 'Davies_Bouldin', 'point_biserial']	0.420979020979021	['modified_hubert_t', 'Davies_Bouldin', 's_dbw']	0.420979020979021	['modified_hubert_t', 'Davies_Bouldin', 'silhouette']	0.420979020979021	['modified_hubert_t', 'Davies_Bouldin', 'IIndex']	0.420979020979021	['modified_hubert_t', 'Davies_Bouldin', 'SDBW']	0.420979020979021	['modified_hubert_t', 'Davies_Bouldin', 'calinski_harabasz_score']	0.420979020979021
tae	['s_dbw', 'modified_hubert_t', 'Banfeld_Raferty']	0.9999582507045195	['s_dbw', 'modified_hubert_t', 'Davies_Bouldin']	0.9999582507045195	['s_dbw', 'modified_hubert_t', 'Dunns_index']	0.9999582507045195	['s_dbw', 'modified_hubert_t', 'McClain_Rao']	0.9999582507045195	['s_dbw', 'modified_hubert_t', 'PBM_index']	0.9999582507045195	['s_dbw', 'modified_hubert_t', 'Ratkowsky_Lance']	0.9999582507045195	['s_dbw', 'modified_hubert_t', 'Ray_Turi']	0.9999582507045195	['s_dbw', 'modified_hubert_t', 'Scott_Symons']	0.9999582507045195	['s_dbw', 'modified_hubert_t', 'Xie_Beni']	0.9999582507045195	['s_dbw', 'modified_hubert_t', 'c_index']	0.9999582507045195	['s_dbw', 'modified_hubert_t', 'i_index']	0.9999582507045195	['s_dbw', 'modified_hubert_t', 'point_biserial']	0.9999582507045195	['s_dbw', 'modified_hubert_t', 'silhouette']	0.9999582507045195	['s_dbw', 'modified_hubert_t', 'IIndex']	0.9999582507045195	['s_dbw', 'modified_hubert_t', 'SDBW']	0.9999582507045195	['s_dbw', 'modified_hubert_t', 'calinski_harabasz_score']	0.9999582507045195	['SDBW', 's_dbw', 'Banfeld_Raferty']	0.9999582507045195	['SDBW', 's_dbw', 'Davies_Bouldin']	0.9999582507045195	['SDBW', 's_dbw', 'Dunns_index']	0.9999582507045195	['SDBW', 's_dbw', 'McClain_Rao']	0.9999582507045195	['SDBW', 's_dbw', 'PBM_index']	0.9999582507045195	['SDBW', 's_dbw', 'Ratkowsky_Lance']	0.9999582507045195	['SDBW', 's_dbw', 'Ray_Turi']	0.9999582507045195	['SDBW', 's_dbw', 'Scott_Symons']	0.9999582507045195	['SDBW', 's_dbw', 'Xie_Beni']	0.9999582507045195	['SDBW', 's_dbw', 'c_index']	0.9999582507045195	['SDBW', 's_dbw', 'i_index']	0.9999582507045195	['SDBW', 's_dbw', 'modified_hubert_t']	0.9999582507045195	['SDBW', 's_dbw', 'point_biserial']	0.9999582507045195	['SDBW', 's_dbw', 'silhouette']	0.9999582507045195	['SDBW', 's_dbw', 'IIndex']	0.9999582507045195	['SDBW', 's_dbw', 'calinski_harabasz_score']	0.9999582507045195
sonar	['s_dbw', 'modified_hubert_t', 'Banfeld_Raferty']	1.0	['s_dbw', 'modified_hubert_t', 'Davies_Bouldin']	1.0	['s_dbw', 'modified_hubert_t', 'Dunns_index']	1.0	['s_dbw', 'modified_hubert_t', 'McClain_Rao']	1.0	['s_dbw', 'modified_hubert_t', 'PBM_index']	1.0	['s_dbw', 'modified_hubert_t', 'Ratkowsky_Lance']	1.0	['s_dbw', 'modified_hubert_t', 'Ray_Turi']	1.0	['s_dbw', 'modified_hubert_t', 'Scott_Symons']	1.0	['s_dbw', 'modified_hubert_t', 'Xie_Beni']	1.0	['s_dbw', 'modified_hubert_t', 'c_index']	1.0	['s_dbw', 'modified_hubert_t', 'i_index']	1.0	['s_dbw', 'modified_hubert_t', 'point_biserial']	1.0	['s_dbw', 'modified_hubert_t', 'silhouette']	1.0	['s_dbw', 'modified_hubert_t', 'IIndex']	1.0	['s_dbw', 'modified_hubert_t', 'SDBW']	1.0	['s_dbw', 'modified_hubert_t', 'calinski_harabasz_score']	1.0
spiral	['SDBW', 'modified_hubert_t', 'Banfeld_Raferty']	0.8092057196534811	['SDBW', 'modified_hubert_t', 'Davies_Bouldin']	0.8092057196534811	['SDBW', 'modified_hubert_t', 'Dunns_index']	0.8092057196534811	['SDBW', 'modified_hubert_t', 'McClain_Rao']	0.8092057196534811	['SDBW', 'modified_hubert_t', 'PBM_index']	0.8092057196534811	['SDBW', 'modified_hubert_t', 'Ratkowsky_Lance']	0.8092057196534811	['SDBW', 'modified_hubert_t', 'Ray_Turi']	0.8092057196534811	['SDBW', 'modified_hubert_t', 'Scott_Symons']	0.8092057196534811	['SDBW', 'modified_hubert_t', 'Xie_Beni']	0.8092057196534811	['SDBW', 'modified_hubert_t', 'c_index']	0.8092057196534811	['SDBW', 'modified_hubert_t', 'i_index']	0.8092057196534811	['SDBW', 'modified_hubert_t', 'point_biserial']	0.8092057196534811	['SDBW', 'modified_hubert_t', 's_dbw']	0.8092057196534811	['SDBW', 'modified_hubert_t', 'silhouette']	0.8092057196534811	['SDBW', 'modified_hubert_t', 'IIndex']	0.8092057196534811	['SDBW', 'modified_hubert_t', 'calinski_harabasz_score']	0.8092057196534811
impossible	['i_index', 'Ratkowsky_Lance', 'Banfeld_Raferty']	0.4720801586473229	['i_index', 'Ratkowsky_Lance', 'Davies_Bouldin']	0.4720801586473229	['i_index', 'Ratkowsky_Lance', 'Dunns_index']	0.4720801586473229	['i_index', 'Ratkowsky_Lance', 'McClain_Rao']	0.4720801586473229	['i_index', 'Ratkowsky_Lance', 'PBM_index']	0.4720801586473229	['i_index', 'Ratkowsky_Lance', 'Ray_Turi']	0.4720801586473229	['i_index', 'Ratkowsky_Lance', 'Scott_Symons']	0.4720801586473229	['i_index', 'Ratkowsky_Lance', 'Xie_Beni']	0.4720801586473229	['i_index', 'Ratkowsky_Lance', 'c_index']	0.4720801586473229	['i_index', 'Ratkowsky_Lance', 'modified_hubert_t']	0.4720801586473229	['i_index', 'Ratkowsky_Lance', 'point_biserial']	0.4720801586473229	['i_index', 'Ratkowsky_Lance', 's_dbw']	0.4720801586473229	['i_index', 'Ratkowsky_Lance', 'silhouette']	0.4720801586473229	['i_index', 'Ratkowsky_Lance', 'IIndex']	0.4720801586473229	['i_index', 'Ratkowsky_Lance', 'SDBW']	0.4720801586473229	['i_index', 'Ratkowsky_Lance', 'calinski_harabasz_score']	0.4720801586473229
lsun	['Ratkowsky_Lance', 'Banfeld_Raferty', 'Davies_Bouldin']	0.5091117837386495	['Ratkowsky_Lance', 'Banfeld_Raferty', 'Dunns_index']	0.5091117837386495	['Ratkowsky_Lance', 'Banfeld_Raferty', 'McClain_Rao']	0.5091117837386495	['Ratkowsky_Lance', 'Banfeld_Raferty', 'PBM_index']	0.5091117837386495	['Ratkowsky_Lance', 'Banfeld_Raferty', 'Ray_Turi']	0.5091117837386495	['Ratkowsky_Lance', 'Banfeld_Raferty', 'Scott_Symons']	0.5091117837386495	['Ratkowsky_Lance', 'Banfeld_Raferty', 'Xie_Beni']	0.5091117837386495	['Ratkowsky_Lance', 'Banfeld_Raferty', 'c_index']	0.5091117837386495	['Ratkowsky_Lance', 'Banfeld_Raferty', 'i_index']	0.5091117837386495	['Ratkowsky_Lance', 'Banfeld_Raferty', 'modified_hubert_t']	0.5091117837386495	['Ratkowsky_Lance', 'Banfeld_Raferty', 'point_biserial']	0.5091117837386495	['Ratkowsky_Lance', 'Banfeld_Raferty', 's_dbw']	0.5091117837386495	['Ratkowsky_Lance', 'Banfeld_Raferty', 'silhouette']	0.5091117837386495	['Ratkowsky_Lance', 'Banfeld_Raferty', 'IIndex']	0.5091117837386495	['Ratkowsky_Lance', 'Banfeld_Raferty', 'SDBW']	0.5091117837386495	['Ratkowsky_Lance', 'Banfeld_Raferty', 'calinski_harabasz_score']	0.5091117837386495
pathbased	['c_index', 'Ratkowsky_Lance', 'Banfeld_Raferty']	0.3461225341822357	['c_index', 'Ratkowsky_Lance', 'Davies_Bouldin']	0.3461225341822357	['c_index', 'Ratkowsky_Lance', 'Dunns_index']	0.3461225341822357	['c_index', 'Ratkowsky_Lance', 'McClain_Rao']	0.3461225341822357	['c_index', 'Ratkowsky_Lance', 'PBM_index']	0.3461225341822357	['c_index', 'Ratkowsky_Lance', 'Ray_Turi']	0.3461225341822357	['c_index', 'Ratkowsky_Lance', 'Scott_Symons']	0.3461225341822357	['c_index', 'Ratkowsky_Lance', 'Xie_Beni']	0.3461225341822357	['c_index', 'Ratkowsky_Lance', 'i_index']	0.3461225341822357	['c_index', 'Ratkowsky_Lance', 'modified_hubert_t']	0.3461225341822357	['c_index', 'Ratkowsky_Lance', 'point_biserial']	0.3461225341822357	['c_index', 'Ratkowsky_Lance', 's_dbw']	0.3461225341822357	['c_index', 'Ratkowsky_Lance', 'silhouette']	0.3461225341822357	['c_index', 'Ratkowsky_Lance', 'IIndex']	0.3461225341822357	['c_index', 'Ratkowsky_Lance', 'SDBW']	0.3461225341822357	['c_index', 'Ratkowsky_Lance', 'calinski_harabasz_score']	0.3461225341822357
zoo	['s_dbw', 'modified_hubert_t', 'Banfeld_Raferty']	1.0	['SDBW', 'modified_hubert_t', 'Banfeld_Raferty']	1.0	['s_dbw', 'modified_hubert_t', 'Davies_Bouldin']	1.0	['SDBW', 'modified_hubert_t', 'Davies_Bouldin']	1.0	['s_dbw', 'modified_hubert_t', 'Dunns_index']	1.0	['SDBW', 'modified_hubert_t', 'Dunns_index']	1.0	['s_dbw', 'modified_hubert_t', 'McClain_Rao']	1.0	['SDBW', 'modified_hubert_t', 'McClain_Rao']	1.0	['s_dbw', 'modified_hubert_t', 'PBM_index']	1.0	['SDBW', 'modified_hubert_t', 'PBM_index']	1.0	['s_dbw', 'modified_hubert_t', 'Ratkowsky_Lance']	1.0	['SDBW', 'modified_hubert_t', 'Ratkowsky_Lance']	1.0	['s_dbw', 'modified_hubert_t', 'Ray_Turi']	1.0	['SDBW', 'modified_hubert_t', 'Ray_Turi']	1.0	['s_dbw', 'modified_hubert_t', 'Scott_Symons']	1.0	['SDBW', 'modified_hubert_t', 'Scott_Symons']	1.0	['s_dbw', 'modified_hubert_t', 'Xie_Beni']	1.0	['SDBW', 'modified_hubert_t', 'Xie_Beni']	1.0	['s_dbw', 'modified_hubert_t', 'c_index']	1.0	['SDBW', 'modified_hubert_t', 'c_index']	1.0	['s_dbw', 'modified_hubert_t', 'i_index']	1.0	['SDBW', 'modified_hubert_t', 'i_index']	1.0	['s_dbw', 'modified_hubert_t', 'point_biserial']	1.0	['SDBW', 'modified_hubert_t', 'point_biserial']	1.0	['SDBW', 'modified_hubert_t', 's_dbw']	1.0	['s_dbw', 'modified_hubert_t', 'silhouette']	1.0	['SDBW', 'modified_hubert_t', 'silhouette']	1.0	['s_dbw', 'modified_hubert_t', 'IIndex']	1.0	['SDBW', 'modified_hubert_t', 'IIndex']	1.0	['s_dbw', 'modified_hubert_t', 'SDBW']	1.0	['s_dbw', 'modified_hubert_t', 'calinski_harabasz_score']	1.0	['SDBW', 'modified_hubert_t', 'calinski_harabasz_score']	1.0	['SDBW', 's_dbw', 'Banfeld_Raferty']	1.0	['SDBW', 's_dbw', 'Davies_Bouldin']	1.0	['SDBW', 's_dbw', 'Dunns_index']	1.0	['SDBW', 's_dbw', 'McClain_Rao']	1.0	['SDBW', 's_dbw', 'PBM_index']	1.0	['SDBW', 's_dbw', 'Ratkowsky_Lance']	1.0	['SDBW', 's_dbw', 'Ray_Turi']	1.0	['SDBW', 's_dbw', 'Scott_Symons']	1.0	['SDBW', 's_dbw', 'Xie_Beni']	1.0	['SDBW', 's_dbw', 'c_index']	1.0	['SDBW', 's_dbw', 'i_index']	1.0	['SDBW', 's_dbw', 'modified_hubert_t']	1.0	['SDBW', 's_dbw', 'point_biserial']	1.0	['SDBW', 's_dbw', 'silhouette']	1.0	['SDBW', 's_dbw', 'IIndex']	1.0	['SDBW', 's_dbw', 'calinski_harabasz_score']	1.0
twenty	['s_dbw', 'modified_hubert_t', 'Banfeld_Raferty']	0.9397140173259577	['s_dbw', 'modified_hubert_t', 'Davies_Bouldin']	0.9397140173259577	['s_dbw', 'modified_hubert_t', 'Dunns_index']	0.9397140173259577	['s_dbw', 'modified_hubert_t', 'McClain_Rao']	0.9397140173259577	['s_dbw', 'modified_hubert_t', 'PBM_index']	0.9397140173259577	['s_dbw', 'modified_hubert_t', 'Ratkowsky_Lance']	0.9397140173259577	['s_dbw', 'modified_hubert_t', 'Ray_Turi']	0.9397140173259577	['s_dbw', 'modified_hubert_t', 'Scott_Symons']	0.9397140173259577	['s_dbw', 'modified_hubert_t', 'Xie_Beni']	0.9397140173259577	['s_dbw', 'modified_hubert_t', 'c_index']	0.9397140173259577	['s_dbw', 'modified_hubert_t', 'i_index']	0.9397140173259577	['s_dbw', 'modified_hubert_t', 'point_biserial']	0.9397140173259577	['s_dbw', 'modified_hubert_t', 'silhouette']	0.9397140173259577	['s_dbw', 'modified_hubert_t', 'IIndex']	0.9397140173259577	['s_dbw', 'modified_hubert_t', 'SDBW']	0.9397140173259577	['s_dbw', 'modified_hubert_t', 'calinski_harabasz_score']	0.9397140173259577
spherical_6_2	['IIndex', 'Ratkowsky_Lance', 'Banfeld_Raferty']	0.4178060745224925	['IIndex', 'Ratkowsky_Lance', 'Davies_Bouldin']	0.4178060745224925	['IIndex', 'Ratkowsky_Lance', 'Dunns_index']	0.4178060745224925	['IIndex', 'Ratkowsky_Lance', 'McClain_Rao']	0.4178060745224925	['IIndex', 'Ratkowsky_Lance', 'PBM_index']	0.4178060745224925	['IIndex', 'Ratkowsky_Lance', 'Ray_Turi']	0.4178060745224925	['IIndex', 'Ratkowsky_Lance', 'Scott_Symons']	0.4178060745224925	['IIndex', 'Ratkowsky_Lance', 'Xie_Beni']	0.4178060745224925	['IIndex', 'Ratkowsky_Lance', 'c_index']	0.4178060745224925	['IIndex', 'Ratkowsky_Lance', 'i_index']	0.4178060745224925	['IIndex', 'Ratkowsky_Lance', 'modified_hubert_t']	0.4178060745224925	['IIndex', 'Ratkowsky_Lance', 'point_biserial']	0.4178060745224925	['IIndex', 'Ratkowsky_Lance', 's_dbw']	0.4178060745224925	['IIndex', 'Ratkowsky_Lance', 'silhouette']	0.4178060745224925	['IIndex', 'Ratkowsky_Lance', 'SDBW']	0.4178060745224925	['IIndex', 'Ratkowsky_Lance', 'calinski_harabasz_score']	0.4178060745224925
haberman	['SDBW', 's_dbw', 'Banfeld_Raferty']	0.7671224298089971	['SDBW', 's_dbw', 'Davies_Bouldin']	0.7671224298089971	['SDBW', 's_dbw', 'Dunns_index']	0.7671224298089971	['SDBW', 's_dbw', 'McClain_Rao']	0.7671224298089971	['SDBW', 's_dbw', 'PBM_index']	0.7671224298089971	['SDBW', 's_dbw', 'Ratkowsky_Lance']	0.7671224298089971	['SDBW', 's_dbw', 'Ray_Turi']	0.7671224298089971	['SDBW', 's_dbw', 'Scott_Symons']	0.7671224298089971	['SDBW', 's_dbw', 'Xie_Beni']	0.7671224298089971	['SDBW', 's_dbw', 'c_index']	0.7671224298089971	['SDBW', 's_dbw', 'i_index']	0.7671224298089971	['SDBW', 's_dbw', 'modified_hubert_t']	0.7671224298089971	['SDBW', 's_dbw', 'point_biserial']	0.7671224298089971	['SDBW', 's_dbw', 'silhouette']	0.7671224298089971	['SDBW', 's_dbw', 'IIndex']	0.7671224298089971	['SDBW', 's_dbw', 'calinski_harabasz_score']	0.7671224298089971
zelnik4	['calinski_harabasz_score', 'IIndex', 'Banfeld_Raferty']	0.38853981839056473	['calinski_harabasz_score', 'IIndex', 'Davies_Bouldin']	0.38853981839056473	['calinski_harabasz_score', 'IIndex', 'Dunns_index']	0.38853981839056473	['calinski_harabasz_score', 'IIndex', 'McClain_Rao']	0.38853981839056473	['calinski_harabasz_score', 'IIndex', 'PBM_index']	0.38853981839056473	['calinski_harabasz_score', 'IIndex', 'Ratkowsky_Lance']	0.38853981839056473	['calinski_harabasz_score', 'IIndex', 'Ray_Turi']	0.38853981839056473	['calinski_harabasz_score', 'IIndex', 'Scott_Symons']	0.38853981839056473	['calinski_harabasz_score', 'IIndex', 'Xie_Beni']	0.38853981839056473	['calinski_harabasz_score', 'IIndex', 'c_index']	0.38853981839056473	['calinski_harabasz_score', 'IIndex', 'i_index']	0.38853981839056473	['calinski_harabasz_score', 'IIndex', 'modified_hubert_t']	0.38853981839056473	['calinski_harabasz_score', 'IIndex', 'point_biserial']	0.38853981839056473	['calinski_harabasz_score', 'IIndex', 's_dbw']	0.38853981839056473	['calinski_harabasz_score', 'IIndex', 'silhouette']	0.38853981839056473	['calinski_harabasz_score', 'IIndex', 'SDBW']	0.38853981839056473
hypercube	['calinski_harabasz_score', 'Scott_Symons', 'Banfeld_Raferty']	0.3649932157394844	['calinski_harabasz_score', 'Scott_Symons', 'Davies_Bouldin']	0.3649932157394844	['calinski_harabasz_score', 'Scott_Symons', 'Dunns_index']	0.3649932157394844	['calinski_harabasz_score', 'Scott_Symons', 'McClain_Rao']	0.3649932157394844	['calinski_harabasz_score', 'Scott_Symons', 'PBM_index']	0.3649932157394844	['calinski_harabasz_score', 'Scott_Symons', 'Ratkowsky_Lance']	0.3649932157394844	['calinski_harabasz_score', 'Scott_Symons', 'Ray_Turi']	0.3649932157394844	['calinski_harabasz_score', 'Scott_Symons', 'Xie_Beni']	0.3649932157394844	['calinski_harabasz_score', 'Scott_Symons', 'c_index']	0.3649932157394844	['calinski_harabasz_score', 'Scott_Symons', 'i_index']	0.3649932157394844	['calinski_harabasz_score', 'Scott_Symons', 'modified_hubert_t']	0.3649932157394844	['calinski_harabasz_score', 'Scott_Symons', 'point_biserial']	0.3649932157394844	['calinski_harabasz_score', 'Scott_Symons', 's_dbw']	0.3649932157394844	['calinski_harabasz_score', 'Scott_Symons', 'silhouette']	0.3649932157394844	['calinski_harabasz_score', 'Scott_Symons', 'IIndex']	0.3649932157394844	['calinski_harabasz_score', 'Scott_Symons', 'SDBW']	0.3649932157394844
glass	['s_dbw', 'modified_hubert_t', 'Banfeld_Raferty']	1.0	['s_dbw', 'modified_hubert_t', 'Davies_Bouldin']	1.0	['s_dbw', 'modified_hubert_t', 'Dunns_index']	1.0	['s_dbw', 'modified_hubert_t', 'McClain_Rao']	1.0	['s_dbw', 'modified_hubert_t', 'PBM_index']	1.0	['s_dbw', 'modified_hubert_t', 'Ratkowsky_Lance']	1.0	['s_dbw', 'modified_hubert_t', 'Ray_Turi']	1.0	['s_dbw', 'modified_hubert_t', 'Scott_Symons']	1.0	['s_dbw', 'modified_hubert_t', 'Xie_Beni']	1.0	['s_dbw', 'modified_hubert_t', 'c_index']	1.0	['s_dbw', 'modified_hubert_t', 'i_index']	1.0	['s_dbw', 'modified_hubert_t', 'point_biserial']	1.0	['s_dbw', 'modified_hubert_t', 'silhouette']	1.0	['s_dbw', 'modified_hubert_t', 'IIndex']	1.0	['s_dbw', 'modified_hubert_t', 'SDBW']	1.0	['s_dbw', 'modified_hubert_t', 'calinski_harabasz_score']	1.0
simplex	['modified_hubert_t', 'Davies_Bouldin', 'Banfeld_Raferty']	0.5354973384824132	['modified_hubert_t', 'Davies_Bouldin', 'Dunns_index']	0.5354973384824132	['modified_hubert_t', 'Davies_Bouldin', 'McClain_Rao']	0.5354973384824132	['modified_hubert_t', 'Davies_Bouldin', 'PBM_index']	0.5354973384824132	['modified_hubert_t', 'Davies_Bouldin', 'Ratkowsky_Lance']	0.5354973384824132	['modified_hubert_t', 'Davies_Bouldin', 'Ray_Turi']	0.5354973384824132	['modified_hubert_t', 'Davies_Bouldin', 'Scott_Symons']	0.5354973384824132	['modified_hubert_t', 'Davies_Bouldin', 'Xie_Beni']	0.5354973384824132	['modified_hubert_t', 'Davies_Bouldin', 'c_index']	0.5354973384824132	['modified_hubert_t', 'Davies_Bouldin', 'i_index']	0.5354973384824132	['modified_hubert_t', 'Davies_Bouldin', 'point_biserial']	0.5354973384824132	['modified_hubert_t', 'Davies_Bouldin', 's_dbw']	0.5354973384824132	['modified_hubert_t', 'Davies_Bouldin', 'silhouette']	0.5354973384824132	['modified_hubert_t', 'Davies_Bouldin', 'IIndex']	0.5354973384824132	['modified_hubert_t', 'Davies_Bouldin', 'SDBW']	0.5354973384824132	['modified_hubert_t', 'Davies_Bouldin', 'calinski_harabasz_score']	0.5354973384824132
spiralsquare	['calinski_harabasz_score', 'Banfeld_Raferty', 'Davies_Bouldin']	0.3165640329819435	['calinski_harabasz_score', 'Banfeld_Raferty', 'Dunns_index']	0.3165640329819435	['calinski_harabasz_score', 'Banfeld_Raferty', 'McClain_Rao']	0.3165640329819435	['calinski_harabasz_score', 'Banfeld_Raferty', 'PBM_index']	0.3165640329819435	['calinski_harabasz_score', 'Banfeld_Raferty', 'Ratkowsky_Lance']	0.3165640329819435	['calinski_harabasz_score', 'Banfeld_Raferty', 'Ray_Turi']	0.3165640329819435	['calinski_harabasz_score', 'Banfeld_Raferty', 'Scott_Symons']	0.3165640329819435	['calinski_harabasz_score', 'Banfeld_Raferty', 'Xie_Beni']	0.3165640329819435	['calinski_harabasz_score', 'Banfeld_Raferty', 'c_index']	0.3165640329819435	['calinski_harabasz_score', 'Banfeld_Raferty', 'i_index']	0.3165640329819435	['calinski_harabasz_score', 'Banfeld_Raferty', 'modified_hubert_t']	0.3165640329819435	['calinski_harabasz_score', 'Banfeld_Raferty', 'point_biserial']	0.3165640329819435	['calinski_harabasz_score', 'Banfeld_Raferty', 's_dbw']	0.3165640329819435	['calinski_harabasz_score', 'Banfeld_Raferty', 'silhouette']	0.3165640329819435	['calinski_harabasz_score', 'Banfeld_Raferty', 'IIndex']	0.3165640329819435	['calinski_harabasz_score', 'Banfeld_Raferty', 'SDBW']	0.3165640329819435
spherical_5_2	['Ratkowsky_Lance', 'Banfeld_Raferty', 'Davies_Bouldin']	0.4752531051038514	['Ratkowsky_Lance', 'Banfeld_Raferty', 'Dunns_index']	0.4752531051038514	['Ratkowsky_Lance', 'Banfeld_Raferty', 'McClain_Rao']	0.4752531051038514	['Ratkowsky_Lance', 'Banfeld_Raferty', 'PBM_index']	0.4752531051038514	['Ratkowsky_Lance', 'Banfeld_Raferty', 'Ray_Turi']	0.4752531051038514	['Ratkowsky_Lance', 'Banfeld_Raferty', 'Scott_Symons']	0.4752531051038514	['Ratkowsky_Lance', 'Banfeld_Raferty', 'Xie_Beni']	0.4752531051038514	['Ratkowsky_Lance', 'Banfeld_Raferty', 'c_index']	0.4752531051038514	['Ratkowsky_Lance', 'Banfeld_Raferty', 'i_index']	0.4752531051038514	['Ratkowsky_Lance', 'Banfeld_Raferty', 'modified_hubert_t']	0.4752531051038514	['Ratkowsky_Lance', 'Banfeld_Raferty', 'point_biserial']	0.4752531051038514	['Ratkowsky_Lance', 'Banfeld_Raferty', 's_dbw']	0.4752531051038514	['Ratkowsky_Lance', 'Banfeld_Raferty', 'silhouette']	0.4752531051038514	['Ratkowsky_Lance', 'Banfeld_Raferty', 'IIndex']	0.4752531051038514	['Ratkowsky_Lance', 'Banfeld_Raferty', 'SDBW']	0.4752531051038514	['Ratkowsky_Lance', 'Banfeld_Raferty', 'calinski_harabasz_score']	0.4752531051038514
wingnut	['Xie_Beni', 'Ray_Turi', 'Banfeld_Raferty']	0.35104895104895106	['Xie_Beni', 'Ray_Turi', 'Davies_Bouldin']	0.35104895104895106	['Xie_Beni', 'Ray_Turi', 'Dunns_index']	0.35104895104895106	['Xie_Beni', 'Ray_Turi', 'McClain_Rao']	0.35104895104895106	['Xie_Beni', 'Ray_Turi', 'PBM_index']	0.35104895104895106	['Xie_Beni', 'Ray_Turi', 'Ratkowsky_Lance']	0.35104895104895106	['Xie_Beni', 'Ray_Turi', 'Scott_Symons']	0.35104895104895106	['Xie_Beni', 'Ray_Turi', 'c_index']	0.35104895104895106	['Xie_Beni', 'Ray_Turi', 'i_index']	0.35104895104895106	['Xie_Beni', 'Ray_Turi', 'modified_hubert_t']	0.35104895104895106	['Xie_Beni', 'Ray_Turi', 'point_biserial']	0.35104895104895106	['Xie_Beni', 'Ray_Turi', 's_dbw']	0.35104895104895106	['Xie_Beni', 'Ray_Turi', 'silhouette']	0.35104895104895106	['Xie_Beni', 'Ray_Turi', 'IIndex']	0.35104895104895106	['Xie_Beni', 'Ray_Turi', 'SDBW']	0.35104895104895106	['Xie_Beni', 'Ray_Turi', 'calinski_harabasz_score']	0.35104895104895106	['modified_hubert_t', 'Xie_Beni', 'Banfeld_Raferty']	0.35104895104895106	['modified_hubert_t', 'Xie_Beni', 'Davies_Bouldin']	0.35104895104895106	['modified_hubert_t', 'Xie_Beni', 'Dunns_index']	0.35104895104895106	['modified_hubert_t', 'Xie_Beni', 'McClain_Rao']	0.35104895104895106	['modified_hubert_t', 'Xie_Beni', 'PBM_index']	0.35104895104895106	['modified_hubert_t', 'Xie_Beni', 'Ratkowsky_Lance']	0.35104895104895106	['modified_hubert_t', 'Xie_Beni', 'Ray_Turi']	0.35104895104895106	['modified_hubert_t', 'Xie_Beni', 'Scott_Symons']	0.35104895104895106	['modified_hubert_t', 'Xie_Beni', 'c_index']	0.35104895104895106	['modified_hubert_t', 'Xie_Beni', 'i_index']	0.35104895104895106	['modified_hubert_t', 'Xie_Beni', 'point_biserial']	0.35104895104895106	['modified_hubert_t', 'Xie_Beni', 's_dbw']	0.35104895104895106	['modified_hubert_t', 'Xie_Beni', 'silhouette']	0.35104895104895106	['modified_hubert_t', 'Xie_Beni', 'IIndex']	0.35104895104895106	['modified_hubert_t', 'Xie_Beni', 'SDBW']	0.35104895104895106	['modified_hubert_t', 'Xie_Beni', 'calinski_harabasz_score']	0.35104895104895106
longsquare	['calinski_harabasz_score', 'Dunns_index', 'Banfeld_Raferty']	0.3738858156768605	['calinski_harabasz_score', 'Dunns_index', 'Davies_Bouldin']	0.3738858156768605	['calinski_harabasz_score', 'Dunns_index', 'McClain_Rao']	0.3738858156768605	['calinski_harabasz_score', 'Dunns_index', 'PBM_index']	0.3738858156768605	['calinski_harabasz_score', 'Dunns_index', 'Ratkowsky_Lance']	0.3738858156768605	['calinski_harabasz_score', 'Dunns_index', 'Ray_Turi']	0.3738858156768605	['calinski_harabasz_score', 'Dunns_index', 'Scott_Symons']	0.3738858156768605	['calinski_harabasz_score', 'Dunns_index', 'Xie_Beni']	0.3738858156768605	['calinski_harabasz_score', 'Dunns_index', 'c_index']	0.3738858156768605	['calinski_harabasz_score', 'Dunns_index', 'i_index']	0.3738858156768605	['calinski_harabasz_score', 'Dunns_index', 'modified_hubert_t']	0.3738858156768605	['calinski_harabasz_score', 'Dunns_index', 'point_biserial']	0.3738858156768605	['calinski_harabasz_score', 'Dunns_index', 's_dbw']	0.3738858156768605	['calinski_harabasz_score', 'Dunns_index', 'silhouette']	0.3738858156768605	['calinski_harabasz_score', 'Dunns_index', 'IIndex']	0.3738858156768605	['calinski_harabasz_score', 'Dunns_index', 'SDBW']	0.3738858156768605
threenorm	['modified_hubert_t', 'i_index', 'Banfeld_Raferty']	0.38879031416344856	['IIndex', 'i_index', 'Banfeld_Raferty']	0.38879031416344856	['modified_hubert_t', 'i_index', 'Davies_Bouldin']	0.38879031416344856	['IIndex', 'i_index', 'Davies_Bouldin']	0.38879031416344856	['modified_hubert_t', 'i_index', 'Dunns_index']	0.38879031416344856	['IIndex', 'i_index', 'Dunns_index']	0.38879031416344856	['modified_hubert_t', 'i_index', 'McClain_Rao']	0.38879031416344856	['IIndex', 'i_index', 'McClain_Rao']	0.38879031416344856	['modified_hubert_t', 'i_index', 'PBM_index']	0.38879031416344856	['IIndex', 'i_index', 'PBM_index']	0.38879031416344856	['modified_hubert_t', 'i_index', 'Ratkowsky_Lance']	0.38879031416344856	['IIndex', 'i_index', 'Ratkowsky_Lance']	0.38879031416344856	['modified_hubert_t', 'i_index', 'Ray_Turi']	0.38879031416344856	['IIndex', 'i_index', 'Ray_Turi']	0.38879031416344856	['modified_hubert_t', 'i_index', 'Scott_Symons']	0.38879031416344856	['IIndex', 'i_index', 'Scott_Symons']	0.38879031416344856	['modified_hubert_t', 'i_index', 'Xie_Beni']	0.38879031416344856	['IIndex', 'i_index', 'Xie_Beni']	0.38879031416344856	['modified_hubert_t', 'i_index', 'c_index']	0.38879031416344856	['IIndex', 'i_index', 'c_index']	0.38879031416344856	['IIndex', 'i_index', 'modified_hubert_t']	0.38879031416344856	['modified_hubert_t', 'i_index', 'point_biserial']	0.38879031416344856	['IIndex', 'i_index', 'point_biserial']	0.38879031416344856	['modified_hubert_t', 'i_index', 's_dbw']	0.38879031416344856	['IIndex', 'i_index', 's_dbw']	0.38879031416344856	['modified_hubert_t', 'i_index', 'silhouette']	0.38879031416344856	['IIndex', 'i_index', 'silhouette']	0.38879031416344856	['modified_hubert_t', 'i_index', 'IIndex']	0.38879031416344856	['modified_hubert_t', 'i_index', 'SDBW']	0.38879031416344856	['IIndex', 'i_index', 'SDBW']	0.38879031416344856	['modified_hubert_t', 'i_index', 'calinski_harabasz_score']	0.38879031416344856	['IIndex', 'i_index', 'calinski_harabasz_score']	0.38879031416344856
smile2	['point_biserial', 'McClain_Rao', 'Banfeld_Raferty']	0.439473958876944	['point_biserial', 'McClain_Rao', 'Davies_Bouldin']	0.439473958876944	['point_biserial', 'McClain_Rao', 'Dunns_index']	0.439473958876944	['point_biserial', 'McClain_Rao', 'PBM_index']	0.439473958876944	['point_biserial', 'McClain_Rao', 'Ratkowsky_Lance']	0.439473958876944	['point_biserial', 'McClain_Rao', 'Ray_Turi']	0.439473958876944	['point_biserial', 'McClain_Rao', 'Scott_Symons']	0.439473958876944	['point_biserial', 'McClain_Rao', 'Xie_Beni']	0.439473958876944	['point_biserial', 'McClain_Rao', 'c_index']	0.439473958876944	['point_biserial', 'McClain_Rao', 'i_index']	0.439473958876944	['point_biserial', 'McClain_Rao', 'modified_hubert_t']	0.439473958876944	['point_biserial', 'McClain_Rao', 's_dbw']	0.439473958876944	['point_biserial', 'McClain_Rao', 'silhouette']	0.439473958876944	['point_biserial', 'McClain_Rao', 'IIndex']	0.439473958876944	['point_biserial', 'McClain_Rao', 'SDBW']	0.439473958876944	['point_biserial', 'McClain_Rao', 'calinski_harabasz_score']	0.439473958876944
tetra	['Ratkowsky_Lance', 'McClain_Rao', 'Banfeld_Raferty']	0.40987370838117115	['Ratkowsky_Lance', 'McClain_Rao', 'Davies_Bouldin']	0.40987370838117115	['Ratkowsky_Lance', 'McClain_Rao', 'Dunns_index']	0.40987370838117115	['Ratkowsky_Lance', 'McClain_Rao', 'PBM_index']	0.40987370838117115	['Ratkowsky_Lance', 'McClain_Rao', 'Ray_Turi']	0.40987370838117115	['Ratkowsky_Lance', 'McClain_Rao', 'Scott_Symons']	0.40987370838117115	['Ratkowsky_Lance', 'McClain_Rao', 'Xie_Beni']	0.40987370838117115	['Ratkowsky_Lance', 'McClain_Rao', 'c_index']	0.40987370838117115	['Ratkowsky_Lance', 'McClain_Rao', 'i_index']	0.40987370838117115	['Ratkowsky_Lance', 'McClain_Rao', 'modified_hubert_t']	0.40987370838117115	['Ratkowsky_Lance', 'McClain_Rao', 'point_biserial']	0.40987370838117115	['Ratkowsky_Lance', 'McClain_Rao', 's_dbw']	0.40987370838117115	['Ratkowsky_Lance', 'McClain_Rao', 'silhouette']	0.40987370838117115	['Ratkowsky_Lance', 'McClain_Rao', 'IIndex']	0.40987370838117115	['Ratkowsky_Lance', 'McClain_Rao', 'SDBW']	0.40987370838117115	['Ratkowsky_Lance', 'McClain_Rao', 'calinski_harabasz_score']	0.40987370838117115
triangle2	['Ratkowsky_Lance', 'Banfeld_Raferty', 'Davies_Bouldin']	0.3929234944160318	['Ratkowsky_Lance', 'Banfeld_Raferty', 'Dunns_index']	0.3929234944160318	['Ratkowsky_Lance', 'Banfeld_Raferty', 'McClain_Rao']	0.3929234944160318	['Ratkowsky_Lance', 'Banfeld_Raferty', 'PBM_index']	0.3929234944160318	['Ratkowsky_Lance', 'Banfeld_Raferty', 'Ray_Turi']	0.3929234944160318	['Ratkowsky_Lance', 'Banfeld_Raferty', 'Scott_Symons']	0.3929234944160318	['Ratkowsky_Lance', 'Banfeld_Raferty', 'Xie_Beni']	0.3929234944160318	['Ratkowsky_Lance', 'Banfeld_Raferty', 'c_index']	0.3929234944160318	['Ratkowsky_Lance', 'Banfeld_Raferty', 'i_index']	0.3929234944160318	['Ratkowsky_Lance', 'Banfeld_Raferty', 'modified_hubert_t']	0.3929234944160318	['Ratkowsky_Lance', 'Banfeld_Raferty', 'point_biserial']	0.3929234944160318	['Ratkowsky_Lance', 'Banfeld_Raferty', 's_dbw']	0.3929234944160318	['Ratkowsky_Lance', 'Banfeld_Raferty', 'silhouette']	0.3929234944160318	['Ratkowsky_Lance', 'Banfeld_Raferty', 'IIndex']	0.3929234944160318	['Ratkowsky_Lance', 'Banfeld_Raferty', 'SDBW']	0.3929234944160318	['Ratkowsky_Lance', 'Banfeld_Raferty', 'calinski_harabasz_score']	0.3929234944160318
square5	['modified_hubert_t', 'PBM_index', 'Banfeld_Raferty']	0.33130153428660897	['modified_hubert_t', 'PBM_index', 'Davies_Bouldin']	0.33130153428660897	['modified_hubert_t', 'PBM_index', 'Dunns_index']	0.33130153428660897	['modified_hubert_t', 'PBM_index', 'McClain_Rao']	0.33130153428660897	['modified_hubert_t', 'PBM_index', 'Ratkowsky_Lance']	0.33130153428660897	['modified_hubert_t', 'PBM_index', 'Ray_Turi']	0.33130153428660897	['modified_hubert_t', 'PBM_index', 'Scott_Symons']	0.33130153428660897	['modified_hubert_t', 'PBM_index', 'Xie_Beni']	0.33130153428660897	['modified_hubert_t', 'PBM_index', 'c_index']	0.33130153428660897	['modified_hubert_t', 'PBM_index', 'i_index']	0.33130153428660897	['modified_hubert_t', 'PBM_index', 'point_biserial']	0.33130153428660897	['modified_hubert_t', 'PBM_index', 's_dbw']	0.33130153428660897	['modified_hubert_t', 'PBM_index', 'silhouette']	0.33130153428660897	['modified_hubert_t', 'PBM_index', 'IIndex']	0.33130153428660897	['modified_hubert_t', 'PBM_index', 'SDBW']	0.33130153428660897	['modified_hubert_t', 'PBM_index', 'calinski_harabasz_score']	0.33130153428660897
zelnik2	['s_dbw', 'modified_hubert_t', 'Banfeld_Raferty']	0.7559336186201859	['s_dbw', 'modified_hubert_t', 'Davies_Bouldin']	0.7559336186201859	['s_dbw', 'modified_hubert_t', 'Dunns_index']	0.7559336186201859	['s_dbw', 'modified_hubert_t', 'McClain_Rao']	0.7559336186201859	['s_dbw', 'modified_hubert_t', 'PBM_index']	0.7559336186201859	['s_dbw', 'modified_hubert_t', 'Ratkowsky_Lance']	0.7559336186201859	['s_dbw', 'modified_hubert_t', 'Ray_Turi']	0.7559336186201859	['s_dbw', 'modified_hubert_t', 'Scott_Symons']	0.7559336186201859	['s_dbw', 'modified_hubert_t', 'Xie_Beni']	0.7559336186201859	['s_dbw', 'modified_hubert_t', 'c_index']	0.7559336186201859	['s_dbw', 'modified_hubert_t', 'i_index']	0.7559336186201859	['s_dbw', 'modified_hubert_t', 'point_biserial']	0.7559336186201859	['s_dbw', 'modified_hubert_t', 'silhouette']	0.7559336186201859	['s_dbw', 'modified_hubert_t', 'IIndex']	0.7559336186201859	['s_dbw', 'modified_hubert_t', 'SDBW']	0.7559336186201859	['s_dbw', 'modified_hubert_t', 'calinski_harabasz_score']	0.7559336186201859
sizes1	['i_index', 'PBM_index', 'Banfeld_Raferty']	0.4156351111574993	['IIndex', 'PBM_index', 'Banfeld_Raferty']	0.4156351111574993	['i_index', 'PBM_index', 'Davies_Bouldin']	0.4156351111574993	['IIndex', 'PBM_index', 'Davies_Bouldin']	0.4156351111574993	['i_index', 'PBM_index', 'Dunns_index']	0.4156351111574993	['IIndex', 'PBM_index', 'Dunns_index']	0.4156351111574993	['i_index', 'PBM_index', 'McClain_Rao']	0.4156351111574993	['IIndex', 'PBM_index', 'McClain_Rao']	0.4156351111574993	['i_index', 'PBM_index', 'Ratkowsky_Lance']	0.4156351111574993	['IIndex', 'PBM_index', 'Ratkowsky_Lance']	0.4156351111574993	['i_index', 'PBM_index', 'Ray_Turi']	0.4156351111574993	['IIndex', 'PBM_index', 'Ray_Turi']	0.4156351111574993	['i_index', 'PBM_index', 'Scott_Symons']	0.4156351111574993	['IIndex', 'PBM_index', 'Scott_Symons']	0.4156351111574993	['i_index', 'PBM_index', 'Xie_Beni']	0.4156351111574993	['IIndex', 'PBM_index', 'Xie_Beni']	0.4156351111574993	['i_index', 'PBM_index', 'c_index']	0.4156351111574993	['IIndex', 'PBM_index', 'c_index']	0.4156351111574993	['IIndex', 'PBM_index', 'i_index']	0.4156351111574993	['i_index', 'PBM_index', 'modified_hubert_t']	0.4156351111574993	['IIndex', 'PBM_index', 'modified_hubert_t']	0.4156351111574993	['i_index', 'PBM_index', 'point_biserial']	0.4156351111574993	['IIndex', 'PBM_index', 'point_biserial']	0.4156351111574993	['i_index', 'PBM_index', 's_dbw']	0.4156351111574993	['IIndex', 'PBM_index', 's_dbw']	0.4156351111574993	['i_index', 'PBM_index', 'silhouette']	0.4156351111574993	['IIndex', 'PBM_index', 'silhouette']	0.4156351111574993	['i_index', 'PBM_index', 'IIndex']	0.4156351111574993	['i_index', 'PBM_index', 'SDBW']	0.4156351111574993	['IIndex', 'PBM_index', 'SDBW']	0.4156351111574993	['i_index', 'PBM_index', 'calinski_harabasz_score']	0.4156351111574993	['IIndex', 'PBM_index', 'calinski_harabasz_score']	0.4156351111574993
zelnik3	['modified_hubert_t', 'Ratkowsky_Lance', 'Banfeld_Raferty']	0.5175868907212192	['modified_hubert_t', 'Ratkowsky_Lance', 'Davies_Bouldin']	0.5175868907212192	['modified_hubert_t', 'Ratkowsky_Lance', 'Dunns_index']	0.5175868907212192	['modified_hubert_t', 'Ratkowsky_Lance', 'McClain_Rao']	0.5175868907212192	['modified_hubert_t', 'Ratkowsky_Lance', 'PBM_index']	0.5175868907212192	['modified_hubert_t', 'Ratkowsky_Lance', 'Ray_Turi']	0.5175868907212192	['modified_hubert_t', 'Ratkowsky_Lance', 'Scott_Symons']	0.5175868907212192	['modified_hubert_t', 'Ratkowsky_Lance', 'Xie_Beni']	0.5175868907212192	['modified_hubert_t', 'Ratkowsky_Lance', 'c_index']	0.5175868907212192	['modified_hubert_t', 'Ratkowsky_Lance', 'i_index']	0.5175868907212192	['modified_hubert_t', 'Ratkowsky_Lance', 'point_biserial']	0.5175868907212192	['modified_hubert_t', 'Ratkowsky_Lance', 's_dbw']	0.5175868907212192	['modified_hubert_t', 'Ratkowsky_Lance', 'silhouette']	0.5175868907212192	['modified_hubert_t', 'Ratkowsky_Lance', 'IIndex']	0.5175868907212192	['modified_hubert_t', 'Ratkowsky_Lance', 'SDBW']	0.5175868907212192	['modified_hubert_t', 'Ratkowsky_Lance', 'calinski_harabasz_score']	0.5175868907212192
